cui,nombre_pip,monto_inversion,monto_actualizado,fecha_ultimamodificacion
2029614,INFRAESTRUCTURA Y EQUIPAMIENTO DE PLANTA PILOTO DE FRUTAS,"S/. 954,311.00","S/. 2,688,559.88",
2031598,MEJORAMIENTO DE LA INSTITUCION EDUCATIVA ESPECIAL Nº 1 STELLA MARIS DE PUERTO MALDONADO,"S/. 392,729.00",S/. 0.00,
2055492,MEJORAMIENTO DE LA  AV. TAMBOPATA - PUERTO MALDONADO - MADRE DE DIOS,"S/. 5,903,598.00",S/. 0.00,
2056647,MEJORAMIENTO DEL TRAMO VIAL JR.VICTOR RAUL HAYA DE TORRE Y JR. CARLOS LECCA EN LA CIUDAD DE IÑAPARI,"S/. 353,333.00",S/. 0.00,
2056919,CONSTRUCCION DEL COLISEO CERRADO DE LA CIUDAD DE IBERIA,"S/. 1,303,341.00","S/. 2,858,664.00",
2062649,MEJORAMIENTO DE LA INFRAESTRUCTURA EN LA INSTITUCIÓN EDUCATIVA CARLOS FERMÍN FITZCARRALD,"S/. 24,782,740.00","S/. 27,764,347.14",30/09/2021 10:15:03 a.m.
2089541,MEJORAMIENTO EN  LA ARTICULACION VIAL DEL  AA.HH. BARRIO NUEVO CON LA CIUDAD DE PUERTO MALDONADO - REGION MADRE DE DIOS,"S/. 4,406,003.00","S/. 4,443,504.70",
2091584,"CONSTRUCCION DEL CAMINO VECINAL UNION PROGRESO - RIO INAMBARI, DISTRITO INAMBARI- MADRE DE DIOS","S/. 4,939,381.00","S/. 5,881,781.00",
2094975,"REHABILITACIÓN Y MEJORAMIENTO DEL CAMINO VECINAL SUDADERO-LAGO VALENCIA, DISTRITO DE LAS PIEDRAS - TAMBOPATA - MADRE DE DIOS","S/. 17,400,696.00","S/. 29,544,111.01",07/01/2022 05:46:15 p.m.
2106926,"MEJORAMIENTO VIAL DE LAS AVENIDAS MADRE DE DIOS, LA JOYA Y AEROPUERTO - PUERTO MALDONADO - MADRE DE DIOS","S/. 24,160,006.00","S/. 24,160,006.00",
2107316,"CONSTRUCCION DEL PUESTO DE SALUD DE LA COMUNIDAD DE SHIPITIARI DEL DISTRITO DE SALVACION, PROVINCIA DE MANU - MADRE DE DIOS","S/. 417,770.00","S/. 355,426.75",
2107781,ELECTRIFICACION RURAL     BASE DE ENERGIA FOTOVOLTAICA COMUNIDADES DISTRITOS MANU-FITZCARRALD,"S/. 1,354,454.00","S/. 1,990,835.06",30/09/2021 03:32:42 p.m.
2107982,"CONSTRUCCION DEL CAMINO VECINAL SABALUYOC - PARIAMARCA, DISTRITO DE TAMBOPATA-MADRE DE DIOS","S/. 4,725,607.00","S/. 8,644,289.45",04/12/2018 10:46:43 a.m.
2108281,"CONSTRUCCION DEL CAMINO VECINAL HUEPETUHE - BAJO PUQUIRI, DISTRITO DE HUEPETUHE Y MADRE DE DIOS, PROVINCIA DEL MANU - MADRE DE DIOS","S/. 5,523,780.00","S/. 7,095,198.75",11/02/2022 10:29:30 a.m.
2109836,"MEJORAMIENTO VIAL DE LAS AV. JORGE CHAVEZ Y JOSE ALDAMIZ DE LA CIUDAD DE IBERIA, DISTRITO DE IBERIA, PROVINCIA DE TAHUAMANU, REGIÓN DE MADRE DE DIOS","S/. 10,106,596.00","S/. 12,128,134.51",
2110568,"CONSTRUCCIÓN DE LOSA MULTIDEPORTIVA EN LA ASOCIACION DE VIVIENDA TAMBOPATA CANDAMO EN LA CIUDAD DE PUERTO MALDONADO, DISTRITO Y PROVINCIA DE TAMBOPATA, REGIÓN DE MADRE DE DIOS","S/. 245,541.98","S/. 680,495.13",28/12/2021 04:18:29 p.m.
2110571,"CONSTRUCCION DE LOSA MULTIDEPORTIVA EN EL AA.HH. CERCADO LA JOYA EN LA CIUDAD DE PUERTO MALDONADO, DISTRITO Y PROVINCIA DE TAMBOPATA, REGION DE MADRE DE DIOS","S/. 245,541.97","S/. 300,079.08",
2110580,"CONSTRUCCIÓN DE LOSA MULTIDEPORTIVA EN LA ASOCIACIÓN DE VIVIENDA TTIO ACOMAYO EN LA CIUDAD DE PUERTO MALDONADO, DISTRITO Y PROVINCIA DE TAMBOPATA, REGIÓN DE MADRE DE DIOS","S/. 245,541.98","S/. 855,289.99",28/12/2021 04:07:39 p.m.
2110774,"CONSTRUCCION DE LOSA MULTIDEPORTIVA EN EL AA.HH. EL AGUAJAL EN LA CIUDAD DE PUERTO MALDONADO, DISTRITO Y PROVINCIA DE TAMBOPATA, REGION DE MADRE DE DIOS","S/. 245,541.97","S/. 200,436.36",
2110777,CONSTRUCCION DE PARQUE MUNICIPAL BERNARDO CARDOZO FERREYRA-LA COLONIA-PROVINCIA DE TAHUAMANU,"S/. 1,873,381.00","S/. 2,191,200.91",
2111041,"MEJORAMIENTO Y AMPLIACION DEL SERVICIO DE EQUIPO MECANICO DEL PROYECT0 ESPECIAL MADRE DE DIOS EN LA PROVINCIA DE TAHUAMANU, REGION MADRE DE DIOS","S/. 26,698,398.00","S/. 29,523,295.78",29/09/2021 11:41:16 a.m.
2131494,"CONSTRUCCION DE PISTAS Y VEREDAS EN LA CALLE APURIMAC DE LA CIUDAD DE PUERTO MALDONADO, PROVINCIA TAMBOPATA, REGION MADRE DE DIOS","S/. 5,786,313.00","S/. 7,495,017.00",
2134979,"CONSTRUCCIÓN DE LOSA MULTIDEPORTIVA EN EL ASENTAMIENTO HUMANO: SANTA MARIA EN LA CIUDAD DE PUERTO MALDONADO, DISTRITO Y PROVINCIA DE TAMBOPATA, REGIÓN DE MADRE DE DIOS.","S/. 194,643.29","S/. 674,457.82",17/01/2022 03:43:07 p.m.
2135116,MEJORAMIENTO DE LA INFRAESTRUCTURA Y EQUIPAMIENTO DE LA IEBR JORGE CHAVEZ NIVEL PRIMARIA- PLANCHON- LAS PIEDRAS- TAMBOPATA- REGION MADRE DE DIOS.,"S/. 2,057,737.00","S/. 2,096,702.73",29/10/2019 11:54:40 a.m.
2135236,"MEJORAMIENTO DE LOS NIVELES DE PRODUCTIVIDAD HORTOFRUTICOLA MEDIANTE LA APLICACIÓN DE RIEGO POR GOTEO EN EL SECTOR ALTA PASTORA, DEL DISTRITO Y PROVINCIA DE TAMBOPATA, REGION MADRE DE DIOS","S/. 4,151,148.00","S/. 6,875,301.58",30/09/2021 03:30:32 p.m.
2150436,"MEJORAMIENTO DEL SISTEMA DE ALCANTARILLADO PLUVIAL DEL SECTOR NOROESTE DE LA CIUDAD DE PUERTO MALDONADO, PROVINCIA DE TAMBOPATA - MADRE DE DIOS","S/. 14,001,791.00","S/. 19,512,740.05",25/03/2021 11:57:07 a.m.
2150437,"MEJORAMIENTO DEL SISTEMA DE DRENAJE PLUVIAL EN LOS ASENTAMIENTOS HUMANOS NUEVO ALEGRIA, 1 DE AGOSTO Y COSTA VERDE DE LA CIUDAD DE PUERTO MALDONADO, DISTRITO DE TAMBOPATA - PROVINCIA DE TAMBOPATA - REGION MADRE DE DIOS","S/. 17,383,997.16","S/. 21,981,684.04",29/03/2021 01:43:38 p.m.
2150722,"MEJORAMIENTO A NIVEL DE AFIRMADO DE LAS PRINCIPALES VIAS DE SHINTUYA, PROVINCIA DE MANU - MADRE DE DIOS","S/. 166,397.00",S/. 0.00,
2150832,"MEJORAMIENTO VIAL DEL JIRON SAN MARTIN EN LA CIUDAD DE PUERTO MALDONADO, PROVINCIA DE TAMBOPATA - MADRE DE DIOS","S/. 3,599,375.00","S/. 4,913,275.54",25/05/2018 08:52:38 a.m.
2154889,MEJORAMIENTO DE LAS CAPACIDADES REGIONALES PARA FORTALECER LA GESTION TERRITORIAL EN EL DEPARTAMENTO DE MADRE DE DIOS,"S/. 8,536,699.00","S/. 9,521,976.20",21/12/2018 10:21:19 a.m.
2155288,"CREACION DEL CAMINO VECINAL EMP. PE.30C ( KM 98 CARRETERA PUERTO MALDONADO CUSCO) - COMUNIDAD JAYAVE DISTRITO DE INAMBARI, PROVINCIA DE TAMBOPATA DPTO MADRE DE DIOS","S/. 2,391,663.00","S/. 4,412,903.02",22/07/2019 06:57:48 p.m.
2156993,"CREACION DE LOSA MULTIDEPORTIVA EN LA LOCALIDAD DE CACHUELA MARGEN IZQUIERDO,DISTRITO DE LAS PIEDRAS,PROVINCIA DE TAMBOPATA-REGION MADRE DE DIOS","S/. 357,048.58","S/. 357,048.58",
2162666,"MEJORAMIENTO DE LA PRESTACION DE SERVICIOS TECNOLOGICOS DEL CENTRO DE DESARROLLO GANADERO (CEDEGA) DEL GOBIERNO REGIONAL DE MADRE DE DIOS, PARA INCREMENTAR LA PRODUCTIVIDAD Y PRODUCCION DEL GANADO VACUNO EN LA REGION MADRE DE DIOS","S/. 7,606,860.00","S/. 12,538,287.61",02/06/2021 09:02:21 a.m.
2167452,"CONSTRUCCION Y MEJORAMIENTO DEL CAMINO VECINAL BELLO HORIZONTE - BAJO LOBOYOC DISTRITO DE LAS PIEDRAS, PROVINCIA DE TAMBOPATA - REGION MADRE DE DIOS","S/. 6,624,388.00","S/. 7,774,992.38",18/03/2021 11:03:13 a.m.
2167517,AMPLIACION E IMPLEMENTACIÓN   DE AULAS TEMPORALES PARA LA ENSEÑANZA ACADÉMICA DE LA UNIVERSIDAD NACIONAL AMAZÓNICA DE MADRE DE DIOS,"S/. 461,495.64","S/. 523,923.56",30/03/2021 11:20:22 a.m.
2173451,MEJORAMIENTO DEL SERVICIO EDUCATIVO DEL CETPRO DIONISA HERRERA ALVARADO DE LA CUIDAD DE PUERTO MALDONADO EN EL DISTRITO DE TAMBOPATA-REGION MADRE DE DIOS,"S/. 6,525,594.00","S/. 7,499,989.33",30/09/2021 12:58:00 p.m.
2183612,AMPLIACION Y MEJORAMIENTO DEL SERVICIO EDUCATIVO DE LA IEBR HORACIO ZEVALLOS GAMES - HUAYPETUHE - PROVINCIA DEL MANU - REGION MADRE DE DIOS.,"S/. 9,169,307.00","S/. 19,200,177.04",28/12/2021 02:42:37 p.m.
2183613,"AMPLIACION Y MEJORAMIENTO DEL SERVICIO EDUCATIVO EN LA I.E.B.R. N 52166 NUESTRA SEÑORA DE FATIMA DEL AA.HH. BARRIO NUEVO EN LA CIUDAD DE PUERTO MALDONADO, DISTRITO Y PROVINCIA DE TAMBOPATA, DEPARTAMENTO MADRE DE DIOS.","S/. 4,539,760.00","S/. 5,358,325.02",30/09/2021 10:23:55 a.m.
2186501,"REHABILITACION Y MEJORAMIENTO DEL CAMINO VECINAL EL TRIUNFO - COMUNIDAD BAJO MADRE DE DIOS , DISTRITO DE LAS PIEDRAS - TAMBOPATA - MADRE DE DIOS","S/. 3,722,896.00","S/. 4,614,748.51",11/03/2021 08:58:28 a.m.
2191142,"MEJORAMIENTO DE LOS SERVICIOS EDUCATIVOS DE LA IEI. N 366 NUEVA AREQUIPA DISTRITO DE INAMBARI, PROVINCIA DE TAMBOPATA, REGION MADRE DE DIOS","S/. 934,375.00","S/. 1,237,721.44",04/10/2019 08:36:52 a.m.
2191378,MEJORAMIENTO DE LA CAPACIDAD COMPETITIVA DE LOS APICULTORES ARTICULADO A LA AGRICULTURA Y USO DE BOSQUES EN LA PROVINCIA DE TAMBOPATA  - MADRE DE DIOS,"S/. 1,985,666.00","S/. 3,432,865.94",20/10/2021 06:42:52 p.m.
2191717,MEJORAMIENTO DE LA CAPACIDAD DE COMUNICACION Y MONITOREO PARA LAS ACCIONES DE DEFENSA CIVIL Y SEGURIDAD DEL CENTRO DE OPERACIONES DE EMERGENCIAS REGIONALES DEL GOBIERNO REGIONAL DE MADRE DE DIOS,"S/. 9,997,497.00","S/. 10,292,015.17",02/03/2021 09:45:38 a.m.
2192356,"MEJORAMIENTO VIAL Y DRENAJE PLUVIAL DEL JIRON JAIME TRONCOSO DE LA CIUDAD DE PUERTO MALDONADO , PROVINCIA DE TAMBOPATA - MADRE DE DIOS","S/. 9,565,766.00","S/. 12,850,690.81",30/09/2021 12:35:19 p.m.
2194019,"AMPLIACION, MEJORAMIENTO DEL SERVICIO DE AGUA POTABLE Y SANEAMIENTO DEL DISTRITO DE LABERINTO - TAMBOPATA - MADRE DE DIOS","S/. 9,027,467.00","S/. 11,224,839.15",24/09/2021 02:09:32 p.m.
2194085,CONSOLIDACION DEL SISTEMA DE INNOVACION AGRARIA,"S/. 229,599,104.00","S/. 229,599,104.00",22/05/2021 01:39:40 a.m.
2194531,"INSTALACION DEL SISTEMA DE AGUA Y DESAGUE DE LA LOCALIDAD DE NUEVO EDEN, DISTRITO DE FITZCARRALD, PROVINCIA DE MANU - MADRE DE DIOS","S/. 1,621,120.00","S/. 2,194,250.00",21/06/2021 07:32:34 p.m.
2194583,INSTALACION Y EQUIPAMIENTO DEL CENTRO DE INVESTIGACION Y EXPERIMENTACION AGROFORESTAL DE LA UNIVERSIDAD NACIONAL AMAZONICA DE MADRE DE DIOS,"S/. 2,458,577.00","S/. 3,619,058.55",16/01/2018 11:55:48 a.m.
2194734,"MEJORAMIENTO DE LA INFRAESTRUCTURA VIAL EN LA CALLE LORETO DE LA CIUDAD DE IBERIA , DISTRITO DE IBERIA - TAHUAMANU - MADRE DE DIOS","S/. 6,784,918.00","S/. 7,438,649.54",29/09/2021 12:14:53 p.m.
2194859,MEJORAMIENTO DE LOS SERVICIOS AGRICOLAS DE LA FRANJA AGRICOLA EN LA PROVINCIA DEL MANU - MADRE DE DIOS,"S/. 4,225,523.00","S/. 5,592,819.72",30/11/2020 11:26:07 a.m.
2194971,MEJORAMIENTO DEL SERVICIO EDUCATIVO DE LA I.E.B.R. N 52229 DANIEL ALCIDES CARRION-CENTRO POBLADO DE BAJO PUKIRI DELTA 1 - DISTRITO DE MADRE DE DIOS - PROVINCIA DE MANU - REGION MADRE DE DIOS,"S/. 11,657,277.00","S/. 13,267,712.71",30/09/2021 10:53:15 a.m.
2195039,"MEJORAMIENTO DEL CAMINO VECINAL FLORIDA BAJA - FILADELFIA, ALTO TAMBOPATA, , DISTRITO DE LABERINTO - TAMBOPATA - MADRE DE DIOS","S/. 8,132,208.00","S/. 10,921,612.03",30/09/2021 11:14:09 a.m.
2195355,"MEJORAMIENTO VIAL DE LA AVENIDA SEBASTIAN BENEDETT EN LA CIUDAD DE IBERIA , DISTRITO DE IBERIA - TAHUAMANU - MADRE DE DIOS","S/. 8,787,489.00","S/. 8,828,182.89",30/09/2021 11:28:53 a.m.
2195357,"MEJORAMIENTO VIAL DEL JIRON JAVIER HERAUD Y JIRON JORGE CHAVEZ DE LA CIUDAD DE PUERTO MALDONADO, DISTRITO Y PROVINCIA DE TAMBOPATA  -  REGION  DE MADRE DE DIOS","S/. 8,436,665.00","S/. 12,264,014.55",28/12/2021 02:49:46 p.m.
2195547,"REHABILITACION Y MEJORAMIENTO DEL CAMINO VECINAL SAN FRANCISCO - PUERTO PORTILLO , DISTRITO DE IBERIA - TAHUAMANU - MADRE DE DIOS","S/. 4,325,909.00","S/. 7,405,369.38",14/01/2022 10:39:28 a.m.
2195554,MEJORAMIENTO DEL CAMINO VECINAL CARACHAMAYOC DISTRITO DE IBERIA - PROVINCIA DE TAHUAMANU - REGION MADRE DE DIOS,"S/. 6,666,323.00","S/. 11,324,486.49",22/12/2021 04:00:10 p.m.
2195555,"MEJORAMIENTO DEL CAMINO VECINAL PONALILLO - ARROZAL - REPUBLICA, DISTRITO DE IBERIA - PROVINCIA TAHUAMANU - REGION MADRE DE DIOS","S/. 16,442,599.00","S/. 26,001,019.07",27/08/2021 12:46:53 p.m.
2195659,"MEJORAMIENTO DE CAPTACION, AMPLIACION DEL SISTEMA DE AGUA POTABLE, ALCANTARILLADO Y PLANTA DE TRATAMIENTO DE AGUAS RESODUALES DEL CENTRO POBLADO PLANCHON Y UPIS ANTONIA CAYA, DISTRITO DE LAS PIEDRAS - TAMBOPATA - MADRE DE DIOS","S/. 6,958,724.00","S/. 8,150,070.71",30/10/2020 01:20:03 p.m.
2195693,"AMPLIACION Y MEJORAMIENTO DEL SISTEMA DE AGUA POTABLE Y DISPOSICION SANITARIA DE EXCRETAS EN LA LOCALIDAD DE SUDADERO DEL DISTRITO DE LAS PIEDRAS, PROVINCIA DE TAMBOPATA - MADRE DE DIOS","S/. 2,000,006.00","S/. 2,140,981.91",19/05/2020 08:25:28 p.m.
2196046,"MEJORAMIENTO VIAL DEL JR. GONZALES PRADA DE LA CIUDAD DE PUERTO MALDONADO, DISTRITO DE TAMBOPATA , PROVINCIA DE TAMBOPATA - MADRE DE DIOS","S/. 9,478,327.00","S/. 10,549,423.65",21/06/2019 02:40:15 p.m.
2196158,MEJORAMIENTO DE LOS SERVICIOS QUE BRINDA LA GERENCIA DE DESARROLLO AGRARIO DEL PEMD PARA LA HABILITACION DE TERRENOS DESBOSCADOS DE USO AGRICOLA Y PISCICOLA EN LA PROVINCIA DE TAHUAMANU - REGION MADRE DE DIOS,"S/. 6,319,047.00","S/. 6,319,047.00",21/11/2018 12:33:52 p.m.
2199346,"MEJORAMIENTO Y REHABILITACION DEL CAMINO VECINAL DV. KM. 08 - MADAMA - SAN ISIDRO - TORMENTA (MARGEN DERECHA, CARRETERA PUERTO MALDONADO - IBERIA) , DISTRITO DE LAS PIEDRAS - TAMBOPATA - MADRE DE DIOS","S/. 3,452,103.00","S/. 7,348,628.35",27/10/2021 01:03:06 p.m.
2200725,"MEJORAMIENTO DEL SERVICIO DEL DEPARTAMENTO DE DIAGNÓSTICO POR IMÁGENES DEL HOSPITAL SANTA ROSA DE PUERTO MALDONADO, DISTRITO Y PROVINCIA DE TAMBOPATA, REGIÓN MADRE DE DIOS","S/. 9,273,708.00","S/. 8,145,440.00",08/03/2018 02:25:42 p.m.
2201055,"MEJORAMIENTO DE LOS SERVICIOS EDUCATIVOS EN LA INSTITUCION EDUCATIVA TUPAC AMARU II, N 52085 NIVEL PRIMARIA Y N 359 NIVEL INICIAL, EN IBERIA -TAHUAMANU, REGION MADRE DE DIOS","S/. 8,716,620.00","S/. 13,744,890.32",30/09/2021 10:46:05 a.m.
2201056,"AMPLIACION Y MEJORAMIENTO DEL SISTEMA DE AGUA POTABLE Y SANEAMIENTO EN EL CENTRO POBLADO DE OTILIA, DISTRITO DE TAMBOPATA, , PROVINCIA DE TAMBOPATA - MADRE DE DIOS","S/. 1,966,802.00","S/. 2,329,685.15",02/09/2019 09:15:36 a.m.
2201058,MEJORAMIENTO DE LA OFERTA DE SERVICIOS EDUCATIVOS DE LA I.E.B.R. N 53004 MIGUEL GRAU- NIVEL PRIMARIA - DISTRITO DE IBERIA - PROVINCIA DE TAHUAMANU - REGION MADRE DE DIOS,"S/. 7,151,662.00","S/. 11,971,325.18",30/09/2021 10:34:18 a.m.
2201443,"MEJORAMIENTO DEL SERVICIO DE LOS LABORATORIOS DE LA UNIVERSIDAD NACIONAL AMAZONICA DE MADRE DE DIOS. DISTRITO Y PROVINCIA DE TAMBOPATA, DEPARTAMENTO DE MADRE DE DIOS","S/. 1,197,512.85","S/. 1,675,988.95",
2202367,MEJORAMIENTO DE LA CAPACIDAD OPERATIVA DE LA DIRECCIÓN REGIONAL FORESTAL Y FAUNA SILVESTRE PARA OPTIMIZAR LA CALIDAD DEL SERVICIO EN LA REGIÓN MADRE DE DIOS,"S/. 7,040,880.00","S/. 9,525,854.34",31/01/2022 10:06:58 a.m.
2202451,"MEJORAMIENTO, AMPLIACION DEL SERVICIO EDUCATIVO EN LA IEI N 368 NIÑOS DE LA SELVA EN LA LOCALIDAD DE PONAL, DISTRITO DE INAMBARI, PROVINCIA DE TAMBOPATA DEPARTAMENTO DE MADRE DE DIOS","S/. 1,033,834.66","S/. 3,159,036.73",30/09/2021 11:27:05 a.m.
2202839,"CONSTRUCCION DE LOS SISTEMAS DE AGUA POTABLE, ALCANTARILLADO Y PLANTA DE TRATAMIENTO DE AGUAS RESIDUALES DE LA LOCALIDAD DE BOCA COLORADA , DISTRITO DE MADRE DE DIOS - MANU - MADRE DE DIOS","S/. 6,787,228.00","S/. 7,421,938.16",30/09/2021 06:50:14 p.m.
2221124,"INSTALACION DEL SISTEMA DE AGUA POTABLE Y MEJORAMIENTO Y AMPLIACION DEL SISTEMA DE DISPOSICION SANITARIA DE EXCRETAS EN LA COMUNIDAD DE ISUYAMA, PROVINCIA DE TAMBOPATA - MADRE DE DIOS","S/. 578,767.00","S/. 1,254,560.48",27/04/2019 07:00:41 p.m.
2224540,MEJORAMIENTO DEL SERVICIO DE AGUA E INSTALACIÓN DEL SERVICIO DE SANEAMIENTO EN LA URBANIZACIÓN MUNICIPAL VILLA TOLEDO - DISTRITO DE LABERINTO - PROVINCIA DE TAMBOPATA - DEPARTAMENTO DE MADRE DE DIOS,"S/. 10,797,893.40","S/. 11,475,475.35",10/02/2022 01:22:27 p.m.
2225848,"MEJORAMIENTO Y AMPLIACION DE LOS SISTEMAS DE AGUA POTABLE Y DISPOSICION DE EXCRETAS EN EL CENTRO POBLADO SAN BERNARDO, PROVINCIA DE TAMBOPATA - MADRE DE DIOS","S/. 963,198.00","S/. 1,942,457.67",16/07/2020 02:41:34 p.m.
2226969,"AMPLIACION DE LA CAPACIDAD TECNICA Y OPERATIVA DEL PEMD PARA EL DESARROLLO DE LA PROVINCIA DEL MANU, DE LA REGION DE MADRE DE DIOS","S/. 1,083,607.39","S/. 1,083,607.39",18/12/2018 07:17:16 p.m.
2228781,"MEJORAMIENTO DEL CAMINO VECINAL RUTA MD-591, ENTRE LAS LOCALIDADES DE LUCERNA - LORETO, DISTRITO DE LAS PIEDRAS,","S/. 6,741,713.00","S/. 8,717,549.65",27/07/2021 12:46:13 p.m.
2230516,MEJORAMIENTO DE LA INFRAESTRUCTURA Y EQUIPAMIENTO DE LA I.E.I. N 296 LAS PALMERAS - AAHH LAS PALMERAS - PUERTO MALDONADO - DISTRITO DE TAMBOPATA - MADRE DE DIOS,"S/. 1,849,741.00","S/. 9,132,417.63",30/09/2021 12:16:54 p.m.
2232388,"MEJORAMIENTO Y CREACION DEL CAMINO VECINAL RUTA R-03, EMP. PE- 30C (MONTERREY) - BAJO MONTERREY, DISTRITO DE LAS PIEDRAS PROVINCIA DE TAMBOPATA REGION MADRE DE DIOS","S/. 4,359,750.00","S/. 8,198,844.95",28/12/2021 02:27:53 p.m.
2233847,"“CONSTRUCCION  DE LA INFRAESTRUCTURA EDUCATIVA DE LA I. E. B. R.  Nº  52245 – SARIGUEMINIKI  (CACAUTAL),  DISTRITO FITZCARRALD -  PROVINCIA MANU-  REGION MADRE DE DIOS","S/. 845,155.00","S/. 1,164,016.49",19/09/2018 09:33:52 a.m.
2234023,CREACION Y EQUIPAMIENTO DE LA ALDEA CIENTIFICA IÑAPARI - UNAMAD,"S/. 1,908,178.00","S/. 3,233,619.00",
2234056,"MEJORAMIENTO DEL SERVICIO INSTITUCIONAL DE LA SEDE CENTRAL Y DIRECCIONES REGIONALES DEL GOBIERNO REGIONAL DE MADRE DE DIOS DISTRITO Y PROVINCIA DE TAMBOPATA, REGION MADRE  DE DIOS","S/. 75,375,771.00","S/. 9,060,675.10",04/02/2022 09:54:02 a.m.
2234315,"MEJORAMIENTO DE LA PRESTACIÓN DE SERVICIOS PÚBLICOS DE LA DIRECCIÓN DE SANEAMIENTO FÍSICO LEGAL DE LA PROPIEDAD RURAL - DIRECCION REGIONAL DE AGRICULTURA , PROVINCIA DE TAMBOPATA, REGION MADRE DE DIOS","S/. 9,341,630.00","S/. 10,486,744.68",16/11/2021 07:28:00 p.m.
2234397,MEJORAMIENTO DE LA OFERTA DE LOS SERVICIOS EDUCATIVOS EN LA IEBR FAUSTINO MALDONADO DE LA CIUDAD DE PUERTO MALDONADO - REGION MADRE DE DIOS,"S/. 14,909,856.00","S/. 21,252,483.13",30/09/2021 11:32:43 a.m.
2234401,"MEJORAMIENTO DE LA OFERTA DE SERVICIOS EDUCATIVOS DE LA I.E. SIMON BOLIVAR DE LA LOCALIDAD DE MAZUCO, DISTRITO DE INAMBARI, PROVINCIA DE TAMBOPATA - REGION MADRE DE DIOS","S/. 14,957,914.00","S/. 20,985,542.14",26/04/2018 04:32:01 p.m.
2234537,MEJORAMIENTO DE LOS SERVICIOS EDUCATIVOS DE LA IEBR N 52200 PUENTE INAMBARI DEL NIVEL PRIMARIO DEL CP PUENTE INAMBARI DISTRITO DE INAMBARI - PROVINCIA DE TAMBOPATA - REGION MADRE DE DIOS,"S/. 2,461,061.00","S/. 3,822,676.66",05/06/2018 12:02:05 p.m.
2234705,MEJORAMIENTO DEL SERVICIO EDUCATIVO DE LA I.E.B.R. N 52041 JOSE CARLOS MARIATEGUI - CENTRO POBLADO DE SANTA ROSA - DISTRITO DE INAMBARI - PROVINCIA DE TAMBOPATA - REGION MADRE DE DIOS,"S/. 9,542,094.00","S/. 13,295,921.90",14/09/2021 10:03:14 a.m.
2234810,"MEJORAMIENTO VIAL DE LA AV. ALAMEDA DE LA CULTURA DE LA CIUDAD DE PUERTO MALDONADO, DISTRITO Y PROVINCIA DE TAMBOPATA, REGION MADRE DE DIOS","S/. 36,921,480.00","S/. 41,742,098.99",15/10/2021 10:35:23 a.m.
2234844,"MEJORAMIENTO Y AMPLIACION DE SERVICIOS DE SANEAMIENTO  BASICO INTEGRAL EN LA COMUNIDAD DE ITAHUANIA DISTRITO DE MANU, PROVINCIA DE MANU - MADRE DE DIOS","S/. 1,551,913.00","S/. 1,551,913.00",15/06/2020 07:58:52 a.m.
2235404,"MEJORAMIENTO DE LOS SERVICIOS EDUCATIVOS DE NIVEL INICIAL DE LA I.E. N 345 BOCA MANU, DISTRITO DE FITZCARRALD, PROVINCIA DE MANU, REGIÓN DE MADRE DE DIOS","S/. 1,736,522.00","S/. 1,996,911.15",22/10/2019 12:41:22 p.m.
2245003,"MEJORAMIENTO DEL SERVICIO EDUCATIVO EN LA IEI N 305 MIGUEL GRAU DEL CPM EL TRIUNFO, DISTRITO DE LAS PIEDRAS - TAMBOPATA - MADRE DE DIOS","S/. 3,924,435.00","S/. 6,267,730.91",24/03/2021 09:18:39 p.m.
2250321,"INSTALACION DEL SERVICIO EDUCATIVO INICIAL EN LA I .E.I. N 399- EL AGUAJAL EN LA LOCALIDAD DE LA JOYA, DISTRITO DE TAMBOPATA, PROVINCIA DE TAMBOPATA, REGION MADRE DE DIOS","S/. 1,637,331.00","S/. 4,631,802.01",27/11/2020 10:49:30 a.m.
2250325,"MEJORAMIENTO DEL SERVICIO EDUCATIVO DEL NIVEL SECUNDARIO EN LA IE 52072 EN EL CENTRO POBLADO DE DOS DE MAYO, DISTRITO DE INAMBARI, PROVINCIA DE TAMBOPATA, REGION DE MADRE DE DIOS","S/. 4,308,585.00","S/. 12,017,634.07",02/02/2022 10:27:45 a.m.
2250327,"INSTALACION DE LOS SERVICIOS EDUCATIVOS EN LA I.E.I. Nº 396 – UPIS ANTONIA CAYA DE LA LOCALIDAD DE PLANCHON, DISTRITO LAS PIEDRAS, PROVINCIA DE TAMBOPATA, REGION MADRE DE DIOS","S/. 1,185,606.84","S/. 3,372,605.87",04/04/2018 06:06:45 p.m.
2250344,"INSTALACION DE LOS SERVICIOS EDUCATIVOS EN LA I.E.I. N 394 BELGICA NIVEL INICIAL , DE LA COMUNIDAD FRONTERIZA BELGICA DISTRITO DE IÑAPARI, PROVINCIA DE TAHUAMANU  REGION MADRE DE DIOS","S/. 812,748.22","S/. 2,459,596.38",30/09/2021 07:49:00 p.m.
2250545,"MEJORAMIENTO DE LA OFERTA DE LOS SERVICIOS EDUCATIVOS DE PRIMARIA EN LAS IE N 52225, IE N 52242 Y LA IE N 52137, EN LAS COMUNIDADES NATIVAS DE MONTE SALVADO, PUERTO NUEVO Y TIPISHCA DIST. DE TAMBOPATA Y LAS PIEDRAS-PROV-TAMBOPATA-REGION MADRE DE DIOS","S/. 5,227,395.00","S/. 7,137,008.40",14/09/2018 04:47:06 p.m.
2250841,"CREACION DEL SERVICIO EDUCATIVO EN LA I.E. VIRGEN DE LA CANDELARIA DEL CPM VIRGEN DE LA CANDELARIA DISTRITO DE INAMBARI, PROVINCIA DE TAMBOPATA DEPARTAMENTO DE MADRE DE DIOS","S/. 8,842,997.37",S/. 0.00,
2251160,"AMPLIACION Y MEJORAMIENTO DEL SISTEMA DE AGUA POTABLE Y SANEAMIENTO EN EL CENTRO POBLADO DE FLORIDA BAJA , DISTRITO DE LABERINTO - TAMBOPATA - MADRE DE DIOS","S/. 2,047,804.00","S/. 1,746,142.65",
2251246,INSTALACION Y EQUIPAMIENTO DE LOS CENTROS DE FORMACION ACADEMICA DE LA UNIVERSIDAD NACIONAL AMAZONICA DE MADRE DE DIOS - DEPARTAMENTO DE MADRE DE DIOS- PROVINCIA Y DISTRITO DE TAMBOPATA,"S/. 9,556,252.00","S/. 18,358,248.21",16/02/2022 09:16:05 a.m.
2251282,"INSTALACION DE SERVICIOS EDUCATIVOS DE NIVEL INICIAL DE LA I.E. N 400 LUCECITAS DEL SABER, DISTRITO DE TAMBOPATA, PROVINCIA DE TAMBOPATA, REGIÓN DE MADRE DE DIOS","S/. 1,224,570.00","S/. 2,248,379.74",30/09/2021 11:07:33 a.m.
2251283,"MEJORAMIENTO SERVICIOS EDUCATIVOS DE NIVEL INICIAL DE LA I.E. N 278 PLANCHON, DISTRITO DE LAS PIEDRAS, PROVINCIA DE TAMBOPATA, REGION DE MADRE DE DIOS","S/. 1,741,677.00","S/. 3,813,064.31",30/09/2021 11:01:53 a.m.
2251310,"INSTALACION DE SERVICIOS EDUCATIVOS DE NIVEL INICIAL DE LA I.E. N 52028 CHONTA, DISTRITO DE TAMBOPATA, PROVINCIA DE TAMBOPATA, REGION DE MADRE DE DIOS","S/. 1,488,070.00","S/. 3,418,167.11",05/11/2021 12:40:40 p.m.
2251311,"INSTALACION DE SERVICIOS EDUCATIVOS DE NIVEL INICIAL DE LA I.E. N 307 EN EL CENTRO POBLADO DE PUERTO PARDO, DISTRITO DE TAMBOPATA, PROVINCIA DE TAMBOPATA, REGION DE MADRE DE DIOS","S/. 1,203,775.00","S/. 2,733,186.00",26/03/2021 09:07:46 a.m.
2251312,"INSTALACION DE LOS SERVICIOS EDUCATIVOS DE NIVEL INICIAL DE LA IE 388 SOL NACIENTE EN EL DISTRITO DE INAMBARI, PROVINCIA DE TAMBOPATA, REGION DE MADRE DE DIOS","S/. 1,210,844.00","S/. 2,657,380.79",30/09/2021 11:20:50 a.m.
2251314,"INSTALACION DE LOS SERVICIOS EDUCATIVOS DE NIVEL INICIAL DE LA IE 402 FUJIMORI EN EL DISTRITO DE TAMBOPATA, PROVINCIA DE TAMBOPATA, REGION DE MADRE DE DIOS","S/. 1,387,636.00","S/. 3,553,439.00",30/09/2021 01:03:29 p.m.
2251386,MEJORAMIENTO Y AMPLIACION DE LOS SERVICIOS DEL COMEDOR UNIVERSITARIO DE LA UNIVERSIDAD  NACIONAL AMAZÓNICA DE MADRE DE DIOS DISTRITO DE TAMBOPATA- PROVINCIA DE TAMBOPATA - MADRE DE DIOS,"S/. 4,989,474.00","S/. 7,891,067.91",22/09/2021 03:48:43 p.m.
2251714,"MEJORAMIENTO DEL CAMINO DEPARTAMENTAL RUTA MD 100 TRAMO EMP. PE 30C (MAZUKO) - PUERTO MAZUKO, DISTRITO DE INAMBARI, PROVINCIA DE TAMBOPATA, REGIÓN DE MADRE DE DIOS","S/. 4,116,099.00","S/. 5,222,037.72",11/02/2022 10:41:59 a.m.
2261422,"MEJORAMIENTO DE LA CAPACIDAD DE ATENCION DEL PUESTO DE SALUD BOCA MANU CATEGORIA I-2 DISTRITO DE FITZCARRALD, PROVINCIA DEL MANU, DEPARTAMENTO DE MADRE DE DIOS, EN EL MARCO DE LA ESTRATEGIA SANITARIA NACIONAL DE SALUD DE LOS PUEBLOS INDIGENAS","S/. 275,003.90","S/. 297,191.00",11/07/2019 06:56:36 p.m.
2261445,"MEJORAMIENTO DE LA CAPACIDAD DE ATENCION DE LOS PUESTOS DE SALUD  YOMIBATO Y TAYACOME CATEGORIA I-1, DEL DISTRITO  MANU, PROVINCIA DEL MANU - DEPARTAMENTO DE MADRE DE DIOS, EN EL MARCO DE LA ESTRATEGIA SANITARIA NACIONAL DE SALUD DE LOS PUEBLOS INDGENAS","S/. 214,011.00","S/. 293,303.00",11/07/2019 07:13:04 p.m.
2261457,"MEJORAMIENTO DE LA CAPACIDAD DE ATENCION DEL PUESTO DE SALUD  DIAMANTE CATEGORIA I-1 DEL DISTRITO DE FITZCARRALD, PROVINCIA DEL MANU - DEPARTAMENTO DE MADRE DE DIOS, EN EL MARCO DE LA ESTRATEGIA SANITARIA NACIONAL DE SALUD DE LOS PUEBLOS INDÍGENAS","S/. 107,006.00","S/. 146,652.00",11/07/2019 07:21:54 p.m.
2261461,"MEJORAMIENTO DE LA CAPACIDAD DE ATENCION DEL PUESTO DE SALUD  BELGICA CATEGORIA I-1 DEL DISTRITO DE IÑAPARI, PROVINCIA DEL TAHUAMANU - DEPARTAMENTO DE MADRE DE DIOS, EN EL MARCO DE LA ESTRATEGIA SANITARIA NACIONAL DE SALUD DE LOS PUEBLOS INDÍGENAS","S/. 107,006.00","S/. 146,652.00",03/06/2019 09:03:33 a.m.
2261555,"MEJORAMIENTO DE LA CAPACIDAD DE ATENCION DEL PUESTO DE SALUD CABECERA MALINOWSKI CATEGORIA I-1 DEL DISTRITO DE INAMBARI, PROVINCIA DE TAMBOPATA - DEPARTAMENTO DE MADRE DE DIOS, EN EL MARCO DE LA ESTRATEGIA SANITARIA NACIONAL DE SALUD DE LOS PUEBLOS INDGENAS","S/. 107,006.00","S/. 146,652.00",11/07/2019 06:12:35 p.m.
2261585,"MEJORAMIENTO DE LA CAPACIDAD DE ATENCION DE LOS PUESTOS DE SALUD  PARIAMARCA Y OTILIA CATEGORIA I-1 DEL DISTRITO  TAMBOPATA, PROVINCIA DE TAMBOPATA - DEPARTAMENTO DE MADRE DE DIOS, EN EL MARCO DE LA ESTRATEGIA SANITARIA NACIONAL DE SALUD DE LOS PUEBLOS INDÍGENAS","S/. 214,011.00","S/. 293,303.00",11/07/2019 07:01:07 p.m.
2261600,"MEJORAMIENTO DE LA CAPACIDAD DE ATENCION DE LOS PUESTOS DE SALUD  PALOTOA Y SHINTUYA CATEGORIA I-1 DEL DISTRITO  MANU, PROVINCIA DEL MANU - DEPARTAMENTO DE MADRE DE DIOS, EN EL MARCO DE LA ESTRATEGIA SANITARIA NACIONAL DE SALUD DE LOS PUEBLOS INDÍGENAS","S/. 214,011.00","S/. 293,303.00",11/07/2019 05:45:20 p.m.
2261635,"MEJORAMIENTO DE LA CAPACIDAD DE ATENCION DE LOS PUESTOS DE SALUD  SAN JOSE DE KARENE Y  PUERTO LUZ CATEGORIA I-1 DEL DISTRITO  DE MADRE DE DIOS, PROVINCIA DEL MANU - DEPARTAMENTO DE MADRE DE DIOS, EN EL MARCO DE LA ESTRATEGIA SANITARIA NACIONAL DE SALUD DE LOS PUEBLOS INDÍGENAS","S/. 214,011.00","S/. 293,303.00",11/07/2019 05:58:19 p.m.
2261655,"MEJORAMIENTO DE LA CAPACIDAD DE ATENCION DE LOS PUESTOS DE SALUD  TIPISHCA Y MONTE SALVADO CATEGORIA I-1 DEL DISTRITO  LAS PIEDRAS, PROVINCIA DE TAMBOPATA - DEPARTAMENTO DE MADRE DE DIOS, EN EL MARCO DE LA ESTRATEGIA SANITARIA NACIONAL DE SALUD DE LOS PUEBLOS INDÍGENAS","S/. 222,881.00","S/. 293,303.00",11/07/2019 06:50:36 p.m.
2261676,"MEJORAMIENTO DE LA CAPACIDAD DE ATENCION DE LOS PUESTOS DE SALUD  PALMA REAL Y SONENE CATEGORIA I-1 DEL DISTRITO  DE TAMBOPATA, PROVINCIA DE TAMBOPATA - DEPARTAMENTO DE MADRE DE DIOS, EN EL MARCO DE LA ESTRATEGIA SANITARIA NACIONAL DE SALUD DE LOS PUEBLOS INDÍGENAS","S/. 214,011.00","S/. 293,303.00",11/07/2019 03:00:05 p.m.
2261680,"MEJORAMIENTO DE LA CAPACIDAD DE ATENCION DE LOS PUESTOS DE SALUD  AMARAKAERI Y VUELTA GRANDE CATEGORIA I-1 DEL DISTRITO  LABERINTO, PROVINCIA DE TAMBOPATA - DEPARTAMENTO DE MADRE DE DIOS, EN EL MARCO DE LA ESTRATEGIA SANITARIA NACIONAL DE SALUD DE LOS PUEBLOS INDÍGENAS","S/. 214,010.92","S/. 293,303.00",11/07/2019 06:43:40 p.m.
2261709,"MEJORAMIENTO DE LA CAPACIDAD DE ATENCION DE LOS PUESTOS DE SALUD  INFIERNO Y TRES ISLAS CATEGORIA I-1 PROVINCIA DE TAMBOPATA - DEPARTAMENTO DE MADRE DE DIOS, EN EL MARCO DE LA ESTRATEGIA SANITARIA NACIONAL DE SALUD DE LOS PUEBLOS INDÍGENAS","S/. 214,010.90","S/. 293,303.00",11/07/2019 06:33:29 p.m.
2262078,"MEJORAMIENTO DEL CAMINO VECINAL CENTRO PASTORA-CHORRILLOS-TUPAC AMARU-TRES ISLAS , PROVINCIA DE TAMBOPATA - MADRE DE DIOS","S/. 36,954,872.00","S/. 37,846,203.96",06/01/2022 03:19:56 p.m.
2265608,"RECUPERACIÓN DE LA BIOMASA RESIDUAL EN ÁREAS RURALES DEGRADADAS POR ACTIVIDADES AGROPECUARIAS EN  LOS EJES CARRETEROS DE LA PROVINCIA DEL MANU Y DISTRITOS DE LABERINTO, INAMBARI Y  BAJO TAMBOPATA DE LA REGIÓN MADRE DE DIOS","S/. 3,129,968.00","S/. 6,436,554.23",14/05/2021 06:36:00 a.m.
2266390,"MEJORAMIENTO Y AMPLIACIÓN DEL SERVICIO DE EDUCACIÓN INICIAL EN LA I.E.I. N263 DIVINO NIÑO JESUS, LA PASTORA, DISTRITO Y PROVINCIA DE TAMBOPATA - REGIÓN MADRE DE DIOS","S/. 3,828,421.00","S/. 4,845,130.67",30/09/2021 11:14:23 a.m.
2272235,"MEJORAMIENTO DE LA PRESTACION DE SERVICIOS DE SALUD EN LOS ESTABLECIMIENTOS DE SALUD DE LA MICRO RED NUEVO MILENIO - DIRESA MADRE DE DIOS,  DISTRITO DE TAMBOPATA - PROVINCIA DE TAMBOPATA - DEPARTAMENTO DE MADRE DE DIOS","S/. 17,563,411.66",S/. 0.00,
2273373,"MEJORAMIENTO Y AMPLIACIÓN DEL SERVICIO EDUCATIVO DE LA I.E.B.R. N52216 EL ARCA DE PACAHUARA, LOCALIDAD PACAHUARA, DISTRITO IBERIA, PROVINCIA TAHUAMANU - REGIÓN MADRE DE DIOS","S/. 9,483,203.00","S/. 10,666,843.68",30/09/2021 08:13:13 p.m.
2281058,"MEJORAMIENTO Y AMPLIACION DEL SERVICIO DE AGUA POTABLE Y SANEAMIENTO BASICO EN LA LOCALIDAD DE PUERTO MAZUKO, DISTRITO DE INAMBARI - TAMBOPATA - MADRE DE DIOS","S/. 1,063,089.57","S/. 1,292,827.85",30/04/2020 11:31:23 a.m.
2283364,"RECUPERACION Y AMPLIACION DE LOS SERVICIOS EDUCATIVOS DE LA I.E. INICIAL NRO 271 MAZUKO, DISTRITO DE INAMBARI - TAMBOPATA - MADRE DE DIOS","S/. 2,225,001.00","S/. 6,072,611.39",22/10/2019 08:57:04 a.m.
2284032,"MEJORAMIENTO DE LOS SERVICIOS EDUCATIVOS DE LA IEBR NIVEL SECUNDARIO RAÚL VARGAS QUIROZ  EN EL C. P. ALEGRÍA, DISTRITO DE LAS PIEDRAS - TAMBOPATA - MADRE DE DIOS","S/. 6,371,632.00","S/. 6,739,056.65",06/02/2020 06:57:48 p.m.
2284944,"AMPLIACION, MEJORAMIENTO DEL SERVICIO DE AGUA POTABLE E INSTALACION DEL SISTEMA DE ALCANTARILLADO EN EL CENTRO POBLADO DE SANTA ROSA, DISTRITO DE INAMBARI - TAMBOPATA - MADRE DE DIOS","S/. 4,755,778.00","S/. 7,583,662.05",20/04/2021 04:25:07 p.m.
2287810,"INSTALACION DEL SERVICIO DE EDUCACIÓN INICIAL ESCOLARIZADO EN LA II.EE. N 412 BAMBU , DISTRITO DE IBERIA, PROVINCIA DE TAHUAMANU,  MADRE DE DIOS","S/. 3,416,318.00",S/. 0.00,
2287872,"CONSTRUCCION DE ESTRIBOS PARA LA INSTALACION DEL PUENTE MODULAR TIPO ACROW EN LA LOCALIDAD DE SALVACION, MANU, PROVINCIA DE MANU - MADRE DE DIOS","S/. 265,378.80","S/. 265,378.80",13/06/2020 12:14:36 p.m.
2290511,MEJORAMIENTO Y AMPLIACION DEL SERVICIO EDUCATIVO EN LOS NIVELES DE PRIMARIA Y SECUNDARIA DE LA I.E.B.R. N 52194 CAP.PNP. ALIPIO PONCE VASQUEZ - DISTRITO TAMBOPATA - PROVINCIA DE TAMBOPATA - REGIÓN MADRE DE DIOS,"S/. 23,434,631.00","S/. 23,284,798.14",24/09/2021 11:38:47 a.m.
2291033,"MEJORAMIENTO DE LOS SISTEMAS DE GESTION AMBIENTAL DE LOS GOBIERNOS LOCALES EN LOS DISTRITOS DE IÑAPARI, IBERIA Y TAHUAMANU DE LA  PROVINCIA DE TAHUAMANU - DEPARTAMENTO DE MADRE DE DIOS","S/. 1,061,781.75",S/. 0.00,
2292717,"MEJORAMIENTO Y AMPLIACION DEL SERVICIO DE SEGURIDAD CIUDADANA EN EL AMBITO DE LA CIUDAD DE PUERTO MALDONADO, DISTRITO DE TAMBOPATA, PROVINCIA DE TAMBOPATA - MADRE DE DIOS","S/. 9,308,913.00","S/. 11,530,765.24",24/01/2022 02:13:36 p.m.
2300749,"AMPLIACION Y MEJORAMIENTO DEL SISTEMA DE AGUA Y DESAGUE DEL CENTRO POBLADO DE CHOQUE, DISTRITO DE HUEPETUHE, PROVINCIA DE MANU - REGION MADRE DE DIOS","S/. 3,470,345.00","S/. 3,941,033.09",03/12/2019 04:02:01 p.m.
2300763,"AMPLIACION Y MEJORAMIENTO DEL SISTEMA DE AGUA POTABLE Y SANEAMIENTO INTEGRAL EN EL CENTRO POBLADO DE NUEVA , DISTRITO DE HUEPETUHE - MANU - MADRE DE DIOS","S/. 4,062,198.00",S/. 0.00,
2301287,"MEJORAMIENTO DE LAS CAPACIDADES TÉCNICO OPERATIVO PARA EL SANEAMIENTO FISICO LEGAL DE LA PROPIEDAD RURAL  EN LA  DIRECCION REGIONAL DE AGRICULTURA MDD. PROVINCIAS MANU, TAHUAMANU Y COMUNIDADES NATIVAS  REGION MADRE DE DIOS.","S/. 15,792,738.00","S/. 11,025,427.40",14/05/2021 03:29:50 p.m.
2302288,"MEJORAMIENTO Y AMPLIACION DE LOS SERVICIOS DEPORTIVOS DEL COMPLEJO MUNICIPAL DE LA CIUDAD DE PUERTO MALDONADO, DISTRITO DE TAMBOPATA, PROVINCIA DE TAMBOPATA - MADRE DE DIOS","S/. 10,877,366.00","S/. 8,420,866.02",07/07/2021 09:23:16 p.m.
2303718,"MEJORAMIENTO Y AMPLIACION DEL SISTEMA DE AGUA POTABLE Y SANEAMIENTO EN EL CENTRO POBLADO DE LAS MERCEDES , DISTRITO DE LABERINTO - TAMBOPATA - MADRE DE DIOS","S/. 1,817,389.00","S/. 1,346,507.98",04/11/2021 11:56:31 a.m.
2304176,"RECUPERACION DE SUELOS DEFORESTADOS PARA MEJORAR LA PRODUCCION DE CACAO EN 25 SECTORES DE LA PROVINCIA DE TAMBOPATA Y 18 SECTORES DE LA PROVINCIA DE TAHUAMANU, REGION MADRE DE DIOS","S/. 18,786,906.00","S/. 18,508,762.15",11/11/2021 04:46:43 p.m.
2306939,"MEJORAMIENTO DE LOS SERVICIOS DE EDUCACIÓN INICIAL DE LAS I.E. N 279 NIÑO DE PRAGA, N 326 PALOTOA, N 303 SHINTUYA, N 350 ITAHUANIA, N 375 DE GAMITANA, N 390 DE PANTIACOLLA DE LOS CENTROS POBLADOS DE SALVACION, PALOTO,LLACTAPAMPA, SHINTUYA, ITAHUANIA, ASUNCION DE GAMITANA Y PANTIACOLLA, DEL DISTRITO DEL MANU, PROVINCIA DE MANU - MADRE DE DIOS","S/. 12,731,544.00",S/. 0.00,
2307068,"MEJORAMIENTO DEL CAMINO VECINAL PUERTO PORTILLO - COMUNIDAD DE PORTILLO, DISTRITO DE IBERIA - TAHUAMANU - MADRE DE DIOS","S/. 8,580,944.00","S/. 19,361,470.47",11/02/2022 06:15:53 p.m.
2307656,"MEJORAMIENTO DE LOS SERVICIOS DE EDUCACION INICIAL DE LAS INSTITUCIONES LAS SEMILLITAS, CAYCHIHUI BARRACA, CHOQUE, SAGRADO CORAZON, PUERTO PUNKIRI DE LOS CENTROS POBLADOS DE HUEPETUHE, CAYCHIHUI, CHOQUE, PUERTO PUNKIRI, DISTRITO DE HUEPETUHE, PROVINCIA DE MANU - MADRE DE DIOS","S/. 11,929,995.00","S/. 13,655,246.46",30/09/2021 12:39:21 p.m.
2308562,"MEJORAMIENTO DE LA GESTIÓN INTEGRAL DE RESIDUOS SÓLIDOS EN LA LOCALIDAD DE IÑAPARI, PROVINCIA DE TAHUAMANU - MADRE DE DIOS","S/. 3,424,502.00","S/. 3,424,502.00",16/12/2020 11:38:55 p.m.
2308719,"MEJORAMIENTO DE LA INFRAESTRUCTURA VIAL URBANA DE LA AV. CIRCUNVALACION DE LA LOCALIDAD DE IBERIA, DISTRITO DE IBERIA - TAHUAMANU - MADRE DE DIOS","S/. 7,908,749.60","S/. 8,281,168.53",15/04/2021 02:52:26 p.m.
2308727,"MEJORAMIENTO DE LA INFRAESTRUCTURA VIAL URBANA DE LA AV. MOCOPATA DE LA LOCALIDAD DE IBERIA, DISTRITO DE IBERIA - TAHUAMANU - MADRE DE DIOS","S/. 5,063,315.00","S/. 9,855,418.90",15/04/2021 09:57:52 a.m.
2309444,"AMPLIACION Y MEJORAMIENTO DEL SERVICIO DE ENERGIA ELECTRICA MEDIANTE SISTEMA CONVENCIONAL MT Y BT DE LOS 11 AA.HH DE LA LOCALIDAD DE HUEPETUHE, DISTRITO DE HUEPETUHE - MANU - MADRE DE DIOS","S/. 1,503,327.66",S/. 0.00,
2310522,"MEJORAMIENTO DE LOS SERVICIOS DE LOS CEMENTERIOS DE LAS LOCALIDADES DE IÑAPARI, IBERIA, SAN LORENZO Y ALERTA, PROVINCIA DE TAHUAMANU - MADRE DE DIOS","S/. 4,860,673.74","S/. 8,854,609.30",30/09/2021 09:25:39 p.m.
2310523,"MEJORAMIENTO Y AMPLIACION DEL SISTEMA DE DRENAJE PLUVIAL DE LA CIUDAD DE IÑAPARI, DISTRITO DE IÑAPARI, PROVINCIA DE TAHUAMANU - MADRE DE DIOS","S/. 9,022,903.00","S/. 13,987,542.08",11/06/2021 11:13:17 a.m.
2310603,"MEJORAMIENTO DEL SERVICIO DE EQUIPO MECANICO DE LA MUNICIPALIDAD DISTRITAL DE IBERIA, DISTRITO DE IBERIA - TAHUAMANU - MADRE DE DIOS","S/. 4,255,341.00","S/. 3,609,411.66",28/08/2019 11:21:58 a.m.
2314405,"MEJORAMIENTO VIAL DE LA AV. PRIMERO DE MAYO Y CALLE 14 CUADRAS B,C,D,E, Y F DE VILLA HUEPETUHE, DISTRITO DE HUEPETUHE - MANU - MADRE DE DIOS","S/. 4,175,334.00","S/. 3,475,344.14",30/09/2021 11:30:08 a.m.
2314431,"MEJORAMIENTO DE LA TRANSITABILIDAD VEHICULAR Y PEATONAL DE LA AV. MADRE DE DIOS Y CALLE 5 DE LA LOCALIDAD DE HUEPETUHE, DISTRITO DE HUEPETUHE - MANU - MADRE DE DIOS","S/. 5,266,909.00","S/. 8,736,701.28",14/08/2019 03:32:04 p.m.
2314689,"MEJORAMIENTO Y AMPLIACION DE LA CAPACIDAD DE SERVICIO DEL PARQUE RECREACIONAL EN EL , DISTRITO DE HUEPETUHE - MANU - MADRE DE DIOS","S/. 2,385,774.00","S/. 2,640,148.92",14/02/2022 01:01:05 p.m.
2316268,"MEJORAMIENTO DE LA INFRAESTRUCTURA VIAL URBANA DE LA AV. BRASIL DE LA LOCALIDAD DE IBERIA, DISTRITO DE IBERIA - TAHUAMANU - MADRE DE DIOS","S/. 2,969,297.75","S/. 3,559,108.78",15/04/2021 12:34:05 p.m.
2319227,"MEJORAMIENTO Y REHABILITACION DEL CAMINO VECINAL R46 DEL TRAMO EMP PE -30C- LOS ANGELES DEL DISTRITO DE IBERIA , PROVINCIA DE TAHUAMANU - MADRE DE DIOS","S/. 6,475,912.00","S/. 8,383,878.70",30/09/2021 08:43:19 p.m.
2319263,MEJORAMIENTO Y AMPLIACION DE LOS SERVICIOS DEL VIVERO MUNICIPAL PARA PROMOCIONAR EL DESARROLLO DE LAS ACTIVIDADES ORNAMENTALES Y AGROFORESTALES  DISTRITO DE TAMBOPATA - PROVINCIA DE TAMBOPATA - DEPARTAMENTO DE MADRE DE DIOS,"S/. 654,492.52","S/. 856,934.14",29/09/2021 09:30:55 p.m.
2321477,"MEJORAMIENTO DEL COMPLEJO DEPORTIVO DE VILLA SALVACIÓN, PROVINCIA DE MANU - MADRE DE DIOS","S/. 684,913.41","S/. 684,913.41",13/06/2020 01:17:48 p.m.
2321901,"MEJORAMIENTO DE LOS SERVICIOS EDUCATIVOS DE LA I.E.B.R. N 52174 PEDRO PAULET DEL CENTRO POBLADO DE SAN JUAN GRANDE, DISTRITO DE MADRE DE DIOS, MANU, REGION MADRE DE DIOS","S/. 8,999,513.00","S/. 11,811,335.77",30/09/2021 11:38:15 a.m.
2322242,"MEJORAMIENTO DEL CAMINO VECINAL VILLA ROCIO, DISTRITO DE TAHUAMANU, PROVINCIAL DE TAHUAMANU, REGIÓN MADRE DE DIOS","S/. 8,617,664.00",S/. 0.00,
2323057,"AMPLIACION Y MEJORAMIENTO DEL SISTEMA DE AGUA Y DISPOSICION SANITARIA DE EXCRETAS EN LA COMUNIDAD DE ARCA PACAHUARA, DISTRITO DE IBERIA - TAHUAMANU - MADRE DE DIOS","S/. 10,402,432.00","S/. 5,732,688.24",30/12/2021 10:09:57 p.m.
2323067,"MEJORAMIENTO DEL SISTEMA DE AGUA POTABLE E INSTALACION DEL SISTEMA DE DESAGUE EN LA LOCALIDAD DE VILLA ROCIO, DISTRITO DE TAHUAMANU - TAHUAMANU - MADRE DE DIOS","S/. 1,171,366.21","S/. 1,565,402.26",30/09/2021 09:33:42 p.m.
2323253,"MEJORAMIENTO DE LOS SERVICIOS DE EDUCACIÓN PRIMARIA DE LAS I.E. N 50432 GAMITANA, N 50919 MAMAJAPA, N 52103 SANTA CRUZ, N 52179 PANTIACOLLA, N 52207 NUEVA MANSILLA DE LOS  CENTROS POBLADOS DE GAMITANA, MAMAJAPA, SANTA CRUZ, PANTIACOLLA Y NUEVA MANSILLA, PROVINCIA DE MANU - MADRE DE DIOS","S/. 5,339,124.00",S/. 0.00,
2324892,"MEJORAMIENTO DEL SISTEMA DE AGUA E INSTALACION DEL SISTEMA DE DESAGUE EN LA LOCALIDAD DE NUEVO PACARAN, DISTRITO DE TAHUAMANU - TAHUAMANU - MADRE DE DIOS","S/. 2,413,119.00","S/. 1,749,349.00",30/09/2021 09:51:33 p.m.
2325628,"CREACION DE LOSA DEPORTIVA EN EL SECTOR NUEVO IÑAPARI DISTRITO DE IÑAPARI, PROVINCIA DE TAHUAMANU - MADRE DE DIOS","S/. 477,506.15","S/. 482,506.15",
2325810,"CREACION DEL PARQUE INFANTIL DEL, DISTRITO DE IBERIA - TAHUAMANU - MADRE DE DIOS","S/. 1,016,708.69","S/. 873,792.75",06/03/2019 03:35:35 p.m.
2326397,"MEJORAMIENTO DEL SERVICIO ACADÉMICO DEL PABELLÓN GENERAL DE  LA UNIVERSIDAD NACIONAL AMAZÓNICA DE MADRE DE DIOS, DISTRITO TAMBOPATA, PROVINCIA TAMBOPATA, REGIÓN MADRE DE DIOS.","S/. 7,741,909.00","S/. 10,796,755.12",12/11/2021 12:24:46 p.m.
2329737,"MEJORAMIENTO DE LA PRESTACION DE SERVICIOS EDUCATIVOS DE NIVEL INICIAL N 308, 270 Y 276  EN LA LOCALIDAD DE IBERIA, DISTRITO DE IBERIA - TAHUAMANU - MADRE DE DIOS","S/. 4,841,505.00","S/. 6,245,338.64",15/04/2021 03:50:01 p.m.
2330181,"MEJORAMIENTO DE LA CAPACIDAD DE GESTION DE BIENES Y SERVICIOS MUNICIPALES DE PROMOCION DE LA GESTION SOSTENIBLE DE LOS RECURSOS NATURALES EN EL DISTRITO DE TAMBOPATA, PROVINCIA DE TAMBOPATA - MADRE DE DIOS","S/. 1,108,348.55","S/. 1,108,348.55",29/09/2021 09:23:11 p.m.
2330248,"MEJORAMIENTO Y AMPLIACIÓN DEL SERVICIO DE EDUCACIÓN PRIMARIA EN LAS I.E. N52066 SHINTUYA Y N50918 JOSE ABELARDO QUÑONES Y EDUCACIÓN SECUNDARIA EN LAS I.E VIRGEN MADRE DE DIOS Y PALOTOA DE LA COMUNIDAD NATIVA DE SHINTUYA Y COMUNIDAD DE PALOTOA, DISTRITO DE MANU, PROVINCIA DE MANU, REGION DE MADRE DE DIOS","S/. 6,314,365.00","S/. 9,873,751.90",15/11/2021 09:36:41 a.m.
2330347,"MEJORAMIENTO Y REHABILITACION DEL CAMINO VECINAL NUEVA VISTA - COMUNIDAD DE MIRAFLORES DEL, DISTRITO DE LAS PIEDRAS - TAMBOPATA - MADRE DE DIOS","S/. 2,532,645.00","S/. 6,128,020.48",06/04/2021 01:09:07 p.m.
2330726,"RECUPERACION DEL ECOSISTEMA CON POTENCIAL ECOTURISMO Y BELLEZA ESCENICA, EN LOS PROCESOS DE RECORRIDO E INFORMACION, EN EL SECTOR MALECON DE LA LOCALIDAD DE DISTRITO DE IÑAPARI, PROVINCIA DE TAHUAMANU - MADRE DE DIOS","S/. 1,037,877.94","S/. 1,422,742.52",30/09/2021 08:27:48 p.m.
2331022,"MEJORAMIENTO Y AMPLIACION DEL SERVICIO DE AGUA POTABLE Y SANEAMIENTO EN EL CACERIO  DE PUERTO PUNKIRI, DISTRITO DE HUEPETUHE - MANU - MADRE DE DIOS","S/. 2,061,591.00","S/. 2,237,288.91",29/08/2018 10:44:55 a.m.
2331244,"MEJORAMIENTO DEL CAMINO VECINAL  TRAMO - MAVILA VILLA DE BOY DEL, DISTRITO DE LAS PIEDRAS - TAMBOPATA - MADRE DE DIOS","S/. 1,186,775.33","S/. 3,217,181.55",08/03/2021 04:39:08 p.m.
2331294,"MEJORAMIENTO DEL SERVICIO DE RADIODIFUSION TELEVISIVA DEL CANAL REGIONAL EN LA LOCALIDAD DE PUERTO MALDONADO DEL DISTRITO Y PROVINCIA DE TAMBOPATA, DEPARTAMENTO MADRE DE DIOS","S/. 2,418,115.00","S/. 2,418,580.90",15/05/2019 10:00:26 a.m.
2331366,"MEJORAMIENTO DEL SISTEMA DE AGUA E INSTALACION DEL SISTEMA DE DESAGUE EN LA LOCALIDAD DE CAYCHIHUE BARRACA, DISTRITO DE HUEPETUHE - MANU - MADRE DE DIOS","S/. 3,199,204.00","S/. 4,604,356.27",31/01/2022 03:37:10 p.m.
2331874,"MEJORAMIENTO DEL SERVICIO DE SEGURIDAD CIUDADANA EN LA LOCALIDAD DE IBERIA, DISTRITO DE IBERIA - TAHUAMANU - MADRE DE DIOS","S/. 4,215,198.00","S/. 2,493,176.64",22/01/2021 12:42:08 a.m.
2332618,CREACION DE LOS SERVICIOS EDUCATIVOS EN LA I.E.I. N 423 DE LA URB. ARTURO Y OLGA DEL DISTRITO Y PROVINCIA DE TAMBOPATA-REGION DE MADRE DE DIOS,"S/. 3,775,716.00","S/. 4,571,457.38",22/12/2021 08:03:31 a.m.
2334378,"MEJORAMIENTO Y REHABILITACION DEL CAMINO VECINAL DESVÍO KM 30.5 QUEBRADA CHONTA, PROVINCIA DE TAMBOPATA - MADRE DE DIOS","S/. 1,959,655.00","S/. 2,127,968.94",24/09/2019 05:01:14 p.m.
2334721,"MEJORAMIENTO DE LA PRESTACION DEL SERVICIO EDUCATIVO EN LA I.E.I. N 297 JARDIN PILOTO DE LA CIUDAD DE PUERTO MALDONADO, DISTRITO Y PROVINCIA DE TAMBOPATA - REGIÓN DE MADRE DE DIOS","S/. 12,538,263.00","S/. 15,158,565.63",05/01/2022 11:54:42 a.m.
2334998,"MEJORAMIENTO Y REHABILITACIÓN DEL CAMINO VECINAL  RUTA N MD-529 TRAYECTORIA EMP.PE-30 C PUERTO ROSARIO DE LABERINTO-SANTA ROSA-COPAMANU DEL DISTRITO DE LABERINTO , PROVINCIA DE TAMBOPATA - MADRE DE DIOS","S/. 2,863,691.00","S/. 3,922,083.41",24/09/2019 03:05:03 p.m.
2336166,"MEJORAMIENTO DE LA LOSA DEPORTIVA DE LA I.E.B.REGULAR DE NIVEL SECUNDARIO DE BOCA COLORADO DEL CENTRO POBLADO DE BOCA COLORADO, DISTRITO DE MADRE DE DIOS, PROVINCIA DE MANU - MADRE DE DIOS","S/. 206,317.63","S/. 287,923.00",30/09/2021 12:07:39 p.m.
2336460,"AMPLIACION Y MEJORAMIENTO DEL SERVICIO QUE BRINDA EL CENTRO INTEGRAL DEL ADULTO MAYOR CIAM DISTRITO DE TAMBOPATA, PROVINCIA DE TAMBOPATA - MADRE DE DIOS","S/. 1,857,600.00","S/. 2,799,083.94",29/09/2021 09:38:18 p.m.
2336481,CREACION DE LOS SERVICIOS EDUCATIVOS EN LA  I.E.I. N 421 DE LA ASOC. PROVIVIENDA VILLA SEÑOR DE TORRECHAYOC DEL DISTRITO Y PROVINCIA DE TAMBOPATA-REGIÓN DE MADRE DE DIOS,"S/. 2,907,159.00","S/. 10,088,712.78",10/02/2022 01:48:18 p.m.
2338001,"MEJORAMIENTO Y REHABILITACION DE CAMINOS VECINALES EN LA COMUNIDAD DE SAN FRANCISCO DE ASÍS, DISTRITO DE LAS PIEDRAS - TAMBOPATA - MADRE DE DIOS","S/. 4,070,880.00","S/. 4,239,660.69",02/09/2020 02:44:47 p.m.
2338404,"CREACION DEL RELLENO SANITARIO PARA LA CIUDAD DE PUERTO ROSARIO DEL, DISTRITO DE LABERINTO - TAMBOPATA - MADRE DE DIOS","S/. 2,379,472.00",S/. 0.00,
2338973,"MEJORAMIENTO DE LA PLAZA DE ARMAS DE VILLA SALVACION, PROVINCIA DE MANU - MADRE DE DIOS","S/. 1,179,173.54","S/. 2,268,528.33",28/09/2021 05:21:11 p.m.
2339214,"MEJORAMIENTO Y REMODELACION DE LA PLAZA DE ARMAS DE LA LOCALIDAD DE IÑAPARI, DISTRITO DE IÑAPARI, PROVINCIA DE TAHUAMANU - MADRE DE DIOS","S/. 1,799,782.00","S/. 1,856,149.34",
2339264,"CREACION DEL SKATE PARK EN LA CIUDAD DE PUERTO MALDONADO, PROVINCIA DE TAMBOPATA - MADRE DE DIOS","S/. 2,151,312.00","S/. 2,220,603.31",29/09/2021 08:08:23 p.m.
2340137,"CREACION DEL CAMINO VECINAL INICIO DESVIO MARGEN DERECHA KM. 92 VIA INTEROCEANICA (PE 30C) TRAMO SOL NACIENTE-HUACAMAYO , DISTRITO DE INAMBARI - TAMBOPATA - MADRE DE DIOS","S/. 7,226,006.00",S/. 0.00,
2340214,"CREACION DEL CAMINO VECINAL, INICIO DESVIO MARGEN DERECHA KM. 62 VIA INTEROCEANICA (PE. 30C) TRAMO VIRGENES DEL SOL-COMUNIDAD NATIVA BOCA DEL INAMBARI , DISTRITO DE LABERINTO - TAMBOPATA - MADRE DE DIOS","S/. 8,665,614.00",S/. 0.00,
2340601,GESTION DEL PROGRAMA Y OTROS: PROGRAMA DE APOYO AL TRANSPORTE SUBNACIONAL - PATS,"S/. 1,800,000,000.00","S/. 1,800,000,000.00",15/12/2020 12:30:33 p.m.
2341962,"MEJORAMIENTO DEL SERVICIO DE TRANSITABILIDAD VEHICULAR Y PEATONAL DEL JIRON 3 Y LAS CALLES TRANSVERSALES ENTRE LA AV. HUEPETUHE Y EL JIRON 3 DEL CENTRO POBLADO HUEPETUHE, PROVINCIA DE MANU - MADRE DE DIOS","S/. 4,659,762.00","S/. 3,905,062.12",19/01/2022 12:07:30 p.m.
2343521,"RECUPERACION DE ECOSISTEMA CON POTENCIAL ECOTURISTICO Y BELLEZA ESCENICA EN EL ESPEJO DE AGUA EL SHIRINGUERO, DISTRITO DE IBERIA - TAHUAMANU - MADRE DE DIOS","S/. 849,871.31","S/. 969,871.18",14/06/2018 06:21:47 p.m.
2344034,"AMPLIACION, MEJORAMIENTO DEL SERVICIO EDUCATIVO EN LA INSTITUCIÓN EDUCATIVA DE NIVEL PRIMARIO N 50843 DIAMANTE E INSTITUCIÓN EDUCATIVA DE NIVEL SECUNDARIO DIAMANTE DE LA COMUNIDAD NATIVA DE DIAMANTE, DISTRITO DE FITZCARRALD, PROVINCIA DE MANU, REGIÓN MADRE DE DIOS","S/. 6,205,440.00","S/. 10,183,807.67",12/02/2022 01:00:11 p.m.
2344208,"MEJORAMIENTO Y AMPLIACION DEL SERVICIO DE ATENCION PARA LA PREVENCION Y CONTROL DE TBC EN EL CLAS FERNANDO BELAUNDE TERRY DEL DISTRITO DE INAMBARI, PROVINCIA DE TAMBOPATA - REGION MADRE DE DIOS","S/. 958,423.87",S/. 0.00,
2344303,"MEJORAMIENTO DE LOS SERVICIOS DE EDUCACION PRIMARIA EN LA I.E. N 52114 Y SECUNDARIA EN LA I.E.B.R. ALTO LIBERTAD DEL CENTRO POBLADO ALTO LIBERTAD, DISTRITO INAMBARI, PROVINCIA DE TAMBOPATA - MADRE DE DIOS","S/. 15,068,603.00","S/. 24,975,458.28",24/01/2022 05:09:32 p.m.
2344638,"MEJORAMIENTO DEL DESARROLLO DE LAS CAPACIDADES PRODUCTIVAS DE LAS SOCIAS DE LOS CLUBES DE MADRES DEL DISTRITO DE TAMBOPATA, PERTENECIENTES A LA FEDERACIÓN DEPARTAMENTAL DE MADRE DE DIOS, PROVINCIA  DE TAMBOPATA, DEPARTAMENTO DE MADRE DE DIOS","S/. 299,468.88","S/. 667,703.68",09/05/2018 11:27:16 a.m.
2344765,MEJORAMIENTO DE LA PRESTACION DEL SERVICIO EDUCATIVO DEL NIVEL PRIMARIO Y SECUNDARIO DE LA I.E.B.R. No 52230 PUNKIRI CHICO DEL CENTRO POBLADO PUNKIRI CHICO - DISTRITO MADRE DE DIOS - PROVINCIA DE MANU - REGION MADRE DE DIOS,"S/. 14,004,867.00","S/. 16,496,930.42",30/09/2021 04:30:46 p.m.
2346436,"CREACION DE LOSA MULTI DEPORTIVA EN EL CENTRO POBLADO DE SANTA MARIA , DISTRITO DE TAHUAMANU, PROVINCIA DE TAHUAMANU – MADRE DE DIOS SANTA MARIA - DISTRITO DE TAHUAMANU - PROVINCIA DE TAHUAMANU - DEPARTAMENTO DE MADRE DE DIOS","S/. 766,270.06","S/. 1,421,766.12",20/12/2021 11:07:56 a.m.
2347990,"MEJORAMIENTO Y AMPLIACION DE LOS SERVICIOS DE AGUA POTABLE Y DESAGÜE EN EL CASCO ANTIGUO DE IÑAPARI, AAHH NUEVO IÑAPARI, LUCIANO FLORES, ROSARIO DEL ACRE Y VIRGEN DEL ROSARIO DEL CENTRO POBLADO DE IÑAPARI - DISTRITO DE IÑAPARI - PROVINCIA DE TAHUAMANU - REGIÓN MADRE DE DIOS","S/. 19,138,202.51",S/. 0.00,
2353631,"AMPLIACION Y MEJORAMIENTO DEL SISTEMA DE AGUA POTABLE E INSTALACION DEL SISTEMA DE ALCANTARILLADO DE LA LOCALIDAD DE ALEGRIA , DISTRITO DE LAS PIEDRAS - TAMBOPATA - MADRE DE DIOS","S/. 9,376,330.00","S/. 20,621,337.58",14/01/2022 05:19:54 p.m.
2356292,"MEJORAMIENTO Y AMPLIACION DE LOS SERVICIOS DE EDUCACION PRIMARIA DE LA I.E. N° 52181 SEÑOR DE LOS MILAGROS DEL AA.HH. SEÑOR DE LOS MILAGROS, DISTRITO DE TAMBOPATA - PROVINCIA DE TAMBOPATA - REGIÓN MADRE DE DIOS","S/. 20,289,488.57","S/. 24,817,964.19",22/12/2021 04:49:45 p.m.
2356310,CREACION DE LOS SERVICIOS EDUCATIVOS EN LA  I.E.I. 432 CENTRO POBLADO DE NUEVO PACARAN - DISTRITO DE TAHUAMANU - PROVINCIA DE TAHUAMANU - REGIÓN MADRE DE DIOS,"S/. 2,920,568.00","S/. 2,920,568.00",13/06/2019 12:15:55 p.m.
2356380,MEJORAMIENTO DE LA RED VIAL DEPARTAMENTAL MD-102 TRAMO CHAPAJAL - EMBARCADERO BOTAFOGO - DISTRITO DE TAMBOPATA - PROVINCIA DE TAMBOPATA - REGIÓN MADRE DE DIOS,"S/. 15,152,534.15","S/. 30,379,794.82",07/01/2022 10:05:16 a.m.
2356400,"MEJORAMIENTO DE LOS CAMINOS VECINALES DE LAS COMUNIDADES NATIVAS Y RURALES DE LA CUENCA ALTO MADRE DE DIOS, DISTRITO MANU Y FITZCARRALD, PROVINCIA DE MANU, REGIÓN MADRE DE DIOS","S/. 24,885,474.25","S/. 28,822,308.29",21/12/2021 10:54:34 a.m.
2358184,"MEJORAMIENTO Y AMPLIACION DE LOS SERVICIOS DE SALUD EN EL PUESTO DE SALUD EL TRIUNFO, CENTRO POBLADO DE TRIUNFO - DISTRITO DE LAS PIEDRAS - PROVINCIA DE TAMBOPATA - REGIÓN MADRE DE DIOS","S/. 18,460,125.37",S/. 0.00,
2358370,MEJORAMIENTO Y AMPLIACION DE LOS SERVICIOS EDUCATIVOS DEL NIVEL PRIMARIA Y SECUNDARIA CON JORNADA ESCOLAR COMPLETA DE LA I.E. CAP. FAP. JOSE ABELARDO QUIÑONES DEL CENTRO POBLADO LA JOYA - DISTRITO DE TAMBOPATA - PROVINCIA DE TAMBOPATA - REGIÓN MADRE DE DIOS,"S/. 29,773,578.17","S/. 54,646,497.92",15/06/2021 01:04:38 p.m.
2358375,"MEJORAMIENTO Y AMPLIACION DEL SERVICIO EDUCATIVO DE LA I.E.B.R. N° 52183 ROMPEOLAS, DISTRITO Y PROVINCIA DE TAMBOPATA, DEPARTAMENTO DE MADRE DE DIOS CENTRO POBLADO DE ROMPEOLAS - DISTRITO DE TAMBOPATA - PROVINCIA DE TAMBOPATA - REGIÓN MADRE DE DIOS","S/. 15,073,185.41","S/. 24,115,400.34",30/09/2021 08:36:34 a.m.
2367930,CREACION DE LA INFRAESTRUCTURA EDUCATIVA DE LA I.E.B.R. N° 52262 CARLOS MARQUEZ BRAGA DE LA LOCALIDAD DE VILLA ALEJANDRO TOLEDO DEL DISTRITO DE LABERINTO - PROVINCIA DE TAMBOPATA - DEPARTAMENTO DE MADRE DE DIOS,"S/. 9,018,564.48",S/. 0.00,
2368019,MEJORAMIENTO DE LA INFRAESTRUCTURA VIAL URBANA DE LAS PRINCIPALES VIAS DE LA LOCALIDAD DE PUERTO ROSARIO DEL DISTRITO DE LABERINTO - PROVINCIA DE TAMBOPATA - DEPARTAMENTO DE MADRE DE DIOS,"S/. 9,450,760.20","S/. 20,945,053.71",05/01/2022 04:40:15 p.m.
2368272,"AMPLIACION , MEJORAMIENTO DEL SISTEMA DE AGUA POTABLE E INSTALACION DE SANEAMIENTO EN LA COMUNIDAD DE LAGARTO DEL DISTRITO DE LABERINTO - PROVINCIA DE TAMBOPATA - DEPARTAMENTO DE MADRE DE DIOS","S/. 1,479,272.64",S/. 0.00,
2368301,MEJORAMIENTO DE LA INFRAESTRUCTURA DEL MERCADO MUNICIPAL 3 DE MAYO DE LA LOCALIDAD DE PUERTO ROSARIO DE LABERINTO DEL DISTRITO DE LABERINTO - PROVINCIA DE TAMBOPATA - DEPARTAMENTO DE MADRE DE DIOS,"S/. 1,050,577.09",S/. 0.00,
2374591,"MEJORAMIENTO DE LAS CAPACIDADES PARA LA GESTION Y OPERACIN DE LOS SERVICIOS TURISTICOS EN LAS CCNN DE BOCA ISIRIWE, DIAMANTE, PUERTO AZUL, SAN MIGUEL DE SHINTUYA,   PUERTO LUZ Y  MASENAWA, PERTENECIENTES A LA Z.A DE LA RESERVA COMUNAL AMARAKAERI, DISTRITO DE FITZCARRAL, MANU, MADRE DE DIOS, Y HUEPETUHE, PROVINCIA DE MANU - MADRE DE DIOS","S/. 1,190,804.00","S/. 1,190,804.00",30/09/2021 03:03:50 p.m.
2375547,CREACION DEL SISTEMA DE AGUA POTABLE Y DISPOSICIÓN DE EXCRETAS EN LA CC.NN. CENTRO POBLADO DE PUERTO ARTURO - DISTRITO DE LAS PIEDRAS - PROVINCIA DE TAMBOPATA - REGIÓN MADRE DE DIOS,"S/. 1,282,066.23","S/. 1,726,594.95",29/09/2021 07:21:05 p.m.
2375570,MEJORAMIENTO VIAL DE LA AVENIDA CIRCUNVALACIÓN CUADRAS DEL 13 AL 16 EN LA CIUDAD DE PUERTO MALDONADO DISTRITO DE TAMBOPATA - PROVINCIA DE TAMBOPATA - REGIÓN MADRE DE DIOS,"S/. 10,109,787.00","S/. 10,654,151.52",29/09/2021 06:18:43 p.m.
2375613,MEJORAMIENTO DEL SERVICIO DE TRANSITABILIDAD VEHICULAR Y PEATONAL DEL JR. ATAHUALPA  DE LA CIUDAD DE PUERTO MALDONADO DEL DISTRITO DE TAMBOPATA - PROVINCIA DE TAMBOPATA - DEPARTAMENTO DE MADRE DE DIOS,"S/. 9,625,570.52","S/. 10,389,392.20",29/09/2021 06:42:24 p.m.
2375732,"AMPLIACION Y MEJORAMIENTO DE LOS SERVICIOS DE AGUA POTABLE Y ALCANTARILLADO SANITARIO DE LA CIUDAD DE MAZUKO, DISTRITO DE INAMBARI - PROVINCIA DE TAMBOPATA - DEPARTAMENTO MADRE DE DIOS","S/. 35,966,013.65","S/. 35,966,013.65",22/03/2019 11:46:07 a.m.
2377520,"MEJORAMIENTO DE LOSA MULTIUSO EN EL BARRIO ESPERANZA DEL CENTRO POBLADO DE VILLA SALVACION, PROVINCIA DE MANU - MADRE DE DIOS","S/. 675,017.00","S/. 909,799.43",27/02/2018 04:24:42 p.m.
2377936,"MEJORAMIENTO DE LA INTERCONEXION VIAL JIRON 8 CUADRA 1 Y JIRON 17 CUADRA 1, 2 Y 3 DE LA LOCALIDAD DE SAN LORENZO, DISTRITO DE TAHUAMANU - TAHUAMANU - MADRE DE DIOS","S/. 3,916,637.00",S/. 0.00,
2378695,"MEJORAMIENTO, AMPLIACION DEL ESTADIO MUNICIPAL EN LA LOCALIDAD DE  MAZUKO, DISTRITO DE INAMBARI - TAMBOPATA - MADRE DE DIOS","S/. 2,846,715.00","S/. 3,714,254.78",17/10/2019 09:47:29 p.m.
2379150,"MEJORAMIENTO Y AMPLIACION DEL SISTEMA DE AGUA POTABLE, ALCANTARILLADO Y TRATAMIENTO DE AGUAS SERVIDAS DE LA CIUDAD DE IBERIA, DISTRITO DE IBERIA, PROVINCIA DE TAHUAMANU, REGION DE MADRE DE DIOS","S/. 32,384,793.52",S/. 0.00,28/06/2018 04:22:44 p.m.
2380431,"RECUPERACION DE LOS SERVICIOS DE REGULACIÓN HÍDRICA EN LA SUB CUENCA DEL RÍO MANURIPE, DISTRITO DE LAS PIEDRAS, PROVINCIA DE TAMBOPATA – REGIÓN MADRE DE DIOS","S/. 1,188,519.17","S/. 1,188,519.17",15/10/2019 04:02:01 p.m.
2382382,"AMPLIACION Y MEJORAMIENTO DE LOS SERVICIOS DE AGUA POTABLE E INSTALACIÓN DE UNIDADES BÁSICAS DE SANEAMIENTO EN LA LOCALIDAD DE  GAMITANA DEL DISTRITO DE MANU, PROVINCIA DE MANU, REGIÓN DE MADRE DE DIOS","S/. 1,552,192.00","S/. 1,607,141.93",30/09/2021 03:24:18 p.m.
2382450,"AMPLIACION Y MEJORAMIENTO DE LOS SERVICIOS DE AGUA POTABLE E INSTALACIÓN DE UNIDADES BÁSICAS DE SANEAMIENTO EN LA LOCALIDAD DE  PANTIACOLLA DEL DISTRITO DE MANU, PROVINCIA DE MANU, REGIÓN DE MADRE DE DIOS","S/. 1,239,369.00","S/. 1,519,022.92",30/09/2021 03:18:20 p.m.
2387114,"MEJORAMIENTO VIAL DE LOS AA.HH LOS CASTAÑOS, SANTA ROSA, SANTA ANITA, ASOCIACION BARRIO MAGISTERIAL, JAVIER HERAUD Y URBANIZACION MUNICIPAL EL CHAPAJAL DE LA CIUDAD DE PUERTO MALDONADO - DISTRITO DE TAMBOPATA - PROVINCIA DE TAMBOPATA - REGIÓN MADRE DE DIOS","S/. 57,108,994.07","S/. 57,108,994.07",12/07/2020 03:12:07 p.m.
2387471,"MEJORAMIENTO Y AMPLIACION DE LA PRESTACIÓN DE SERVICIOS EDUCATIVOS DEL INSTITUTO DE EDUCACIÓN SUPERIOR TECNOLÓGICO PUBLICO “MANU”,  DISTRITO DE MANU - PROVINCIA DE MANU - DEPARTAMENTO DE MADRE DE DIOS","S/. 11,455,644.96","S/. 13,420,232.75",07/09/2021 12:46:23 p.m.
2393204,"MEJORAMIENTO DE LA PLAZA DE ARMAS DE LA CIUDAD DE PUERTO MALDONADO, DISTRITO DE TAMBOPATA - PROVINCIA DE TAMBOPATA - REGIÓN MADRE DE DIOS","S/. 1,564,106.26","S/. 2,193,234.51",22/03/2019 06:02:38 p.m.
2397632,MEJORAMIENTO Y AMPLIACION DE LOS SERVICIOS EDUCATIVOS DE LA I.E.B.R. HEROES DE ILLAMPU: PRIMARIA Y SECUNDARIA EN EL CENTRO POBLADO DE MAVILA - DISTRITO DE LAS PIEDRAS - PROVINCIA DE TAMBOPATA - REGIÓN MADRE DE DIOS,"S/. 22,465,653.12","S/. 24,814,429.12",24/03/2021 10:51:21 p.m.
2397901,"MEJORAMIENTO DEL MINICOMPLEJO DEPORTIVO DE LOS CENTROS POBLADOS DE CHOQUE, CAYCHIHUI BARRACA, NUEVA, DEL DISTRITO DE HUEPETUHE, PROVINCIA DEL MANU, REGION MADRE DE DIOS","S/. 1,878,117.00",S/. 0.00,
2398522,CREACION DE LA LOZA DEPORTIVA EN EL CENTRO POBLADO DE GAMITANA - DISTRITO DE MANU - PROVINCIA DE MANU - REGIÓN MADRE DE DIOS,"S/. 566,295.00",S/. 0.00,
2398934,CREACION DE LA LOZA DEPORTIVA EN EL CENTRO POBLADO DE SHINTUYA - DISTRITO DE MANU - PROVINCIA DE MANU - REGIÓN MADRE DE DIOS,"S/. 564,081.00","S/. 880,734.94",30/12/2021 09:24:53 a.m.
2400530,CREACION SISTEMA DE AGUA POTABLE Y SANEAMIENTO RURAL DE CC.NN. SANTA TERESITA DISTRITO DE TAMBOPATA - PROVINCIA DE TAMBOPATA - REGIÓN MADRE DE DIOS,"S/. 1,312,260.21","S/. 1,442,233.26",13/05/2020 03:55:17 p.m.
2400533,MEJORAMIENTO SERVICIO DE AGUA POTABLE Y SANEAMIENTO CENTRO POBLADO DE EL PILAR - DISTRITO DE TAMBOPATA - PROVINCIA DE TAMBOPATA - REGIÓN MADRE DE DIOS,"S/. 1,176,661.00","S/. 1,231,939.44",14/05/2020 02:37:33 p.m.
2401053,"MEJORAMIENTO Y AMPLIACIÓN DE SEIS INSTITUCIONES EDUCATIVAS DEL NIVEL INICIAL UBICADAS EN EL DISTRITO DE TAMBOPATA, PROVINCIA DE TAMBOPATA - MADRE DE DIOS","S/. 15,022,875.00",S/. 0.00,
2406066,CREACION DEL SERVICIO DE GUA POTABLE Y SANEAMIENTO EN EL KOTSIMBA - DISTRITO DE INAMBARI - PROVINCIA DE TAMBOPATA - DEPARTAMENTO DE MADRE DE DIOS,"S/. 1,576,645.08","S/. 1,787,093.73",29/09/2021 08:53:50 p.m.
2409156,"ADQUISICIÓN DE REFRIGERADORES PARA BANCOS DE SANGRE, ELECTROBISTURÍ, EQUIPOS O ACCESORIOS PARA CRIOCIRUGÍA, EQUIPO DE ELECTROTERAPIA, AUTOCLAVES O ESTERILIZADORES DE VAPOR, ESTERILIZADORES DE AIRE SECO O DE AIRE CALIENTE, IMPRESORAS LÁSER EN SECO PARA IMÁGENES O REPRODUCTORES DE IMÁGENES PARA USO MÉDICO, INCUBADORA PARA CULTIVO MICROBIOLÓGICO, INCUBADORAS PARA EL TRANSPORTE DE PACIENTES O ACCESORIOS, INCUBADORAS O CALENTADORES DE BEBÉS PARA USO CLÍNICO, LUCES O LÁMPARAS DE PIE PARA EXÁMENES MÉDI","S/. 1,932,000.00","S/. 1,932,000.00",19/03/2019 03:21:38 p.m.
2409165,"ADQUISICIÓN DE SILLAS PARA EXAMEN DENTAL O PARTES RELACIONADAS O ACCESORIOS; EN EL(LA) EESS JORGE CHAVEZ - TAMBOPATA EN LA LOCALIDAD PUERTO MALDONADO, DISTRITO DE TAMBOPATA, PROVINCIA TAMBOPATA, DEPARTAMENTO MADRE DE DIOS","S/. 26,000.00","S/. 26,000.00",30/05/2019 11:31:20 a.m.
2409179,"ADQUISICIÓN DE SILLAS PARA EXAMEN DENTAL O PARTES RELACIONADAS O ACCESORIOS Y SILLAS PARA EXAMEN DENTAL O PARTES RELACIONADAS O ACCESORIOS; EN EL(LA) EESS LA JOYA - TAMBOPATA  DISTRITO DE TAMBOPATA, PROVINCIA TAMBOPATA, DEPARTAMENTO MADRE DE DIOS","S/. 46,000.00","S/. 46,000.00",05/06/2019 08:15:46 a.m.
2409180,"ADQUISICIÓN DE ACCESORIOS PARA ESTERILIZADOR O AUTOCLAVE DE VAPOR, CENTRÍFUGAS, EQUIPO DE ANESTESIA CON MONITOREO AVANZADO, ESTERILIZADORES QUÍMICOS O DE GAS, MESAS O ACCESORIOS PARA PROCEDIMIENTOS DE CESÁREAS O SALAS DE PARTOS O PRODUCTOS RELACIONADOS, MESAS DE PROCEDIMIENTOS PARA SALAS DE CIRUGÍA Y ELECTROBISTURÍ; EN EL(LA) EESS SAN MARTIN DE PORRES EN LA LOCALIDAD IBERIA, DISTRITO DE IBERIA, PROVINCIA TAHUAMANU, DEPARTAMENTO MADRE DE DIOS","S/. 475,320.00","S/. 475,320.00",30/10/2019 03:16:47 p.m.
2409188,"ADQUISICIÓN DE AUTOCLAVES O ESTERILIZADORES DE VAPOR, GABINETES O ESTACIONES PARA FLUJO LAMINAR, CENTRÍFUGAS, CENTRÍFUGAS DE MESA REFRIGERADAS, ACCESORIOS PARA ESTERILIZADOR DE AIRE SECO O DE AIRE CALIENTE, LAVADORAS DE MICRO PLACAS Y LECTORES DE MICRO PLACAS; EN LA LOCALIDAD PUERTO MALDONADO, DISTRITO DE TAMBOPATA, PROVINCIA TAMBOPATA, DEPARTAMENTO MADRE DE DIOS","S/. 211,500.00","S/. 211,500.00",30/10/2019 02:36:06 p.m.
2414957,"MEJORAMIENTO DEL SERVICIO EDUCATIVO DE LOS NIVELES PRIMARIA Y SECUNDARIA EN LA I.E.B.R. ENAWIPA, DE LA COMUNIDAD NATIVA PALMA REAL DEL DISTRITO DE TAMBOPATA - PROVINCIA DE TAMBOPATA - DEPARTAMENTO DE MADRE DE DIOS","S/. 6,337,923.80","S/. 15,457,273.80",10/06/2021 10:06:31 a.m.
2415699,CREACION DE DEFENSA RIBEREÑA EN EL RIÓ APOYO DE SALVACION DEL DISTRITO DE MANU - PROVINCIA DE MANU - DEPARTAMENTO DE MADRE DE DIOS,"S/. 842,317.24","S/. 1,385,467.01",30/12/2021 09:20:36 a.m.
2415704,MEJORAMIENTO DE LA TRANSITABILIDAD PEATONAL EN EL SECTOR PROGRESO DE LA URBANIZACIÓN VISTA ALEGRE DE SALVACION DEL DISTRITO DE MANU - PROVINCIA DE MANU - DEPARTAMENTO DE MADRE DE DIOS,"S/. 579,496.15","S/. 1,359,197.90",30/12/2021 09:15:55 a.m.
2416293,"MEJORAMIENTO DE LA TRANSITABILIDAD VEHICULAR Y PEATONAL EN LA CALLES 11, JR. TRIUNFO, JR LOS CONQUISTADORES, JR CUSCO, PROLONGACION FRANCISCO BOLOGNESI Y PASAJE DOS DE MAYO EN LA ASOCIACION DE VIVIENDA BELLO HORIZONTE AMAZONICO EN LA  LOCALIDAD MAZUKO DEL DISTRITO DE INAMBARI - PROVINCIA DE TAMBOPATA - DEPARTAMENTO DE MADRE DE DIOS","S/. 5,582,529.98","S/. 8,985,491.71",02/08/2021 10:37:01 a.m.
2421619,MEJORAMIENTO DE LOS SERVICIOS RECREACIONALES DE LA PARQUE CENTRAL DEL CENTRO POBLADO DE ALERTA - DISTRITO DE TAHUAMANU - PROVINCIA DE TAHUAMANU - DEPARTAMENTO DE MADRE DE DIOS,"S/. 1,167,736.55","S/. 2,070,527.05",29/09/2021 09:21:30 a.m.
2429462,"ADQUISICIÓN DE UNIDADES DE HEMODIÁLISIS; EN EL(LA) EESS SANTA ROSA - TAMBOPATA EN LA LOCALIDAD PUERTO MALDONADO, DISTRITO DE TAMBOPATA, PROVINCIA TAMBOPATA, DEPARTAMENTO MADRE DE DIOS","S/. 76,568.00","S/. 76,568.00",16/08/2019 12:19:59 p.m.
2431958,"REFORZAMIENTO ESTRUCTURAL DE BLOQUE DE INFRAESTRUCTURA; ADQUISICIÓN DE COMPUTADORES DE ESCRITORIO Y MESAS DE COMPUTADOR PARA ESTUDIANTES; EN EL(LA) IE 52187 RICARDO PALMA SORIANO - INAMBARI EN LA LOCALIDAD SARAYACU, DISTRITO DE INAMBARI, PROVINCIA TAMBOPATA, DEPARTAMENTO MADRE DE DIOS","S/. 205,157.97","S/. 205,157.97",06/11/2018 12:26:00 p.m.
2433554,"RENOVACIÓN DE RED PRIMARIA; EN EL(LA) EMISOR EN EL JR. CUSCO, JR. AREQUIPA Y JR. PUNO EN LA LOCALIDAD PUERTO MALDONADO, DISTRITO DE TAMBOPATA, PROVINCIA TAMBOPATA, DEPARTAMENTO MADRE DE DIOS","S/. 310,012.13","S/. 310,012.00",09/08/2019 10:25:37 a.m.
2437262,"CONSTRUCCIÓN DE AMBIENTE PARA COMEDOR EN LA I.E.I N° 351; EN LA LOCALIDAD PUERTO MAZUKO, DISTRITO DE INAMBARI, PROVINCIA TAMBOPATA, DEPARTAMENTO MADRE DE DIOS","S/. 101,523.90","S/. 123,559.54",30/12/2021 07:13:01 p.m.
2437663,"REPARACIÓN DE ABASTECIMIENTO DE AGUA; EN EL(LA) CAPTACIÓN, CONDUCCIÓN, ALMACENAMIENTO Y DISTRIBUCIÓN DEL EN LA LOCALIDAD MAZUKO, DISTRITO DE INAMBARI, PROVINCIA TAMBOPATA, DEPARTAMENTO MADRE DE DIOS","S/. 231,429.89","S/. 280,226.46",02/10/2019 10:10:14 a.m.
2438359,"ADQUISICIÓN DE INCUBADORA PARA BEBES; EN EL(LA) EESS NUEVO MILENIO - TAMBOPATA  DISTRITO DE TAMBOPATA, PROVINCIA TAMBOPATA, DEPARTAMENTO MADRE DE DIOS","S/. 50,000.00",S/. 0.00,
2438369,"ADQUISICIÓN DE EQUIPO ECOCARDIOGRAFO Y INCUBADORA PARA BEBES; EN EL(LA) EESS SAN MARTIN DE PORRES DE IBERIA - IBERIA  DISTRITO DE TAMBOPATA, PROVINCIA TAMBOPATA, DEPARTAMENTO MADRE DE DIOS","S/. 165,518.00",S/. 0.00,
2438377,"ADQUISICIÓN DE CAMARA DE BIOSEGURIDAD; EN EL(LA) EESS LA JOYA - TAMBOPATA  DISTRITO DE TAMBOPATA, PROVINCIA TAMBOPATA, DEPARTAMENTO MADRE DE DIOS","S/. 50,000.00","S/. 50,000.00",19/08/2019 08:40:12 a.m.
2438379,"ADQUISICIÓN DE CAMARA DE BIOSEGURIDAD; EN EL(LA) EESS EL TRIUNFO - LAS PIEDRAS  DISTRITO DE LAS PIEDRAS, PROVINCIA TAMBOPATA, DEPARTAMENTO MADRE DE DIOS","S/. 50,000.00","S/. 50,000.00",19/08/2019 08:31:40 a.m.
2438384,"ADQUISICIÓN DE CAMARA DE BIOSEGURIDAD; EN EL(LA) EESS BOCA COLORADO - MADRE DE DIOS  DISTRITO DE TAMBOPATA, PROVINCIA TAMBOPATA, DEPARTAMENTO MADRE DE DIOS","S/. 50,000.00",S/. 0.00,
2438781,"ADQUISICIÓN DE COCHE DE PARO, MONITOR MULTI PARAMETRO, EQUIPO DE TERAPIA LÁSER, ELECTROCARDIÓGRAFO, UNIDADES DE ESTIMULACIÓN NERVIOSA ELÉCTRICA TRANSCUTÁNEA, ASPIRADOR DE SECRECIONES, EQUIPO DE ELECTROTERAPIA DE CORRIENTES MULTIPLES, CAMAS TIPO UCI, CAMAS TIPO UCI, CAMAS TIPO UCI, CAMAS TIPO UCI, CAMAS TIPO UCI, CAMAS TIPO UCI, CAMAS TIPO UCI, CAMAS TIPO UCI, CAMAS TIPO UCI, CAMAS TIPO UCI, CAMAS TIPO UCI, CAMAS TIPO UCI, CAMAS TIPO UCI, CAMAS TIPO UCI, CAMAS TIPO UCI, CAMAS TIPO UCI, CAMAS TIPO","S/. 1,604,500.00","S/. 1,191,600.00",16/08/2019 11:23:33 a.m.
2439062,MEJORAMIENTO Y AMPLIACION DE LA PRESTACIÓN DEL SERVICIO DE EQUIPO MECÁNICO DE LA MUNICIPALIDAD PROVINCIAL DE TAMBOPATA PUERTO MALDONADO DEL DISTRITO DE TAMBOPATA - PROVINCIA DE TAMBOPATA - DEPARTAMENTO DE MADRE DE DIOS,"S/. 14,878,540.92",S/. 0.00,
2440090,MEJORAMIENTO Y AMPLIACION DEL SERVICIO DE LIMPIEZA PÚBLICA EN LA CIUDAD DE MAZUKO DEL DISTRITO DE INAMBARI - PROVINCIA DE TAMBOPATA - DEPARTAMENTO DE MADRE DE DIOS,"S/. 3,302,950.16","S/. 11,240,189.60",27/01/2021 05:53:30 p.m.
2440440,"CONSTRUCCIÓN DE ESTACIÓN DE BOMBEROS; EN EL(LA) EN LA LOCALIDAD DE IBERIA  DISTRITO DE IBERIA, PROVINCIA TAHUAMANU, DEPARTAMENTO MADRE DE DIOS","S/. 142,691.16","S/. 153,696.74",05/06/2019 05:45:10 p.m.
2440969,"MEJORAMIENTO DE LA CAPACIDAD OPERATIVA DE LA UNIDAD DE EJECUTORA, PARA ATENCIÓN DE EMERGENCIAS E INTERVENCIONES VIALES  DISTRITO DE INAMBARI - PROVINCIA DE TAMBOPATA - DEPARTAMENTO DE MADRE DE DIOS","S/. 4,879,591.88","S/. 4,937,578.58",30/12/2021 08:27:04 p.m.
2442239,"ADQUISICIÓN DE EQUIPAMIENTO INTERACTIVO; EN LA LOCALIDAD MAZUKO, DISTRITO DE INAMBARI, PROVINCIA TAMBOPATA, DEPARTAMENTO MADRE DE DIOS","S/. 59,696.00","S/. 29,160.00",09/07/2020 04:20:01 p.m.
2442624,MEJORAMIENTO DE LA PLAZOLETA MAZUKO DEL DISTRITO DE INAMBARI - PROVINCIA DE TAMBOPATA - DEPARTAMENTO DE MADRE DE DIOS,"S/. 852,692.35","S/. 1,257,495.69",07/09/2020 04:27:51 p.m.
2442783,"CONSTRUCCIÓN DE AMBIENTE PARA COMEDOR; EN LA LOCALIDAD BOCA COLORADO, DISTRITO DE MADRE DE DIOS, PROVINCIA MANU, DEPARTAMENTO MADRE DE DIOS","S/. 100,000.00","S/. 100,000.00",12/07/2020 03:18:21 p.m.
2442803,"CONSTRUCCIÓN DE LOSA DEPORTIVA; EN EL(LA) OPTIMIZACION DE LA OFERTA EXISTENTE DE INFRAESTRUCTURA DEPORTIVA DE LAS LOSAS MULTIDEPORTIVAS DE LA LOCALIDAD DE VILLA BOCA COLORADO EN LA LOCALIDAD BOCA COLORADO, DISTRITO DE MADRE DE DIOS, PROVINCIA MANU, DEPARTAMENTO MADRE DE DIOS","S/. 995,735.20","S/. 995,735.20",12/07/2020 03:13:39 p.m.
2446691,"CONSTRUCCION DE MERCADO; EN EL(LA) OPTIMIZACION DE LA OFERTA EXISTENTE DEL MERCADO DE LA LOCALIDAD DE VILLA BOCA COLORADO DEL  DISTRITO DE MADRE DE DIOS, PROVINCIA MANU, DEPARTAMENTO MADRE DE DIOS","S/. 92,722.99","S/. 125,108.00",12/07/2020 02:42:55 p.m.
2448031,MEJORAMIENTO Y AMPLIACION DE LOS SERVICIOS EDUCATIVOS DEL NIVEL INICIAL DE LA I.E.I N° 334 GOTITAS DEL SABER  DE LA CIUDAD DE PUERTO MALDONADO DEL DISTRITO DE TAMBOPATA - PROVINCIA DE TAMBOPATA - DEPARTAMENTO DE MADRE DE DIOS,"S/. 4,859,577.81","S/. 8,120,748.18",31/03/2021 01:02:41 p.m.
2448870,CREACION DE LAS CONDICIONES DE  ARTICULACIÓN Y PROMOCIÓN DE LOS EMPRENDIMIENTOS LOCALES DE LAS FAMILIAS  DISTRITO DE INAMBARI - PROVINCIA DE TAMBOPATA - DEPARTAMENTO DE MADRE DE DIOS,"S/. 1,369,450.55","S/. 474,145.71",30/12/2021 07:40:46 p.m.
2449399,"REPARACION DE VIAS DE ACCESO; EN EL(LA) CIUDAD DE IBERIA,  DISTRITO DE IBERIA, PROVINCIA TAHUAMANU, DEPARTAMENTO MADRE DE DIOS","S/. 160,782.13",S/. 0.00,
2449825,MEJORAMIENTO DEL CAMINO VECINAL SANTA RITA - CENTROMIN VARIANTE PONAL DEL DISTRITO DE INAMBARI - PROVINCIA DE TAMBOPATA - DEPARTAMENTO DE MADRE DE DIOS,"S/. 5,343,320.42","S/. 11,111,744.08",03/08/2020 11:08:27 a.m.
2450166,"RENOVACION DE VIAS DE ACCESO; EN EL(LA) VIAS DE LA LOCALIDAD DE IÑAPARI DISTRITO DE IÑAPARI, PROVINCIA TAHUAMANU, DEPARTAMENTO MADRE DE DIOS","S/. 580,990.30","S/. 580,990.30",30/09/2021 11:15:17 p.m.
2450404,MEJORAMIENTO Y AMPLIACION DEL SERVICIO EDUCATIVO DE LA I.E.I. N °275 SANTA ROSA DEL DISTRITO DE INAMBARI - PROVINCIA DE TAMBOPATA - DEPARTAMENTO DE MADRE DE DIOS,"S/. 5,089,315.48","S/. 6,111,149.54",31/12/2021 09:36:22 a.m.
2450605,CREACION DEL SERVICIO DE SEGURIDAD CIUDADANA BOCA COLORADO  DISTRITO DE MADRE DE DIOS - PROVINCIA DE MANU - DEPARTAMENTO DE MADRE DE DIOS,"S/. 3,639,965.49","S/. 3,994,599.44",14/01/2020 10:21:07 a.m.
2450610,MEJORAMIENTO DE LA AV. COLORADO DEL CENTRO POBLADO DE VILLA BOCA COLORADO DEL DISTRITO DE MADRE DE DIOS - PROVINCIA DE MANU - DEPARTAMENTO DE MADRE DE DIOS,"S/. 7,090,222.59","S/. 7,101,755.70",30/09/2021 04:17:49 p.m.
2450612,MEJORAMIENTO Y AMPLIACION DE LA I. E. PRIMARIA N°52129 PUERTO MAZUKO DEL DISTRITO DE INAMBARI - PROVINCIA DE TAMBOPATA - DEPARTAMENTO DE MADRE DE DIOS,"S/. 6,610,936.95","S/. 6,215,519.78",31/12/2021 10:06:37 a.m.
2450639,MEJORAMIENTO Y AMPLIACION I. E. PRIMARIA  N°52077 PALMERA DEL DISTRITO DE INAMBARI - PROVINCIA DE TAMBOPATA - DEPARTAMENTO DE MADRE DE DIOS,"S/. 7,046,187.53","S/. 7,231,957.47",30/07/2020 07:07:00 p.m.
2450723,MEJORAMIENTO Y AMPLIACION DE LOS SERVICIOS DE SANEAMIENTO BÁSICO INTEGRAL EN LA CC.NN. SAN JOSE DE KARENE DEL DISTRITO DE MADRE DE DIOS - PROVINCIA DE MANU - DEPARTAMENTO DE MADRE DE DIOS,"S/. 2,509,341.00","S/. 2,558,818.67",30/09/2021 06:23:28 p.m.
2453475,"CONSTRUCCION DE VEREDA Y CANAL DE DRENAJE; EN EL(LA) INSTITUTO SUPERIOR TECNOLOGICO JORGE BASADRE GROHMAN, EN LA LOCALIDAD PUERTO MALDONADO, DISTRITO DE TAMBOPATA, PROVINCIA TAMBOPATA, DEPARTAMENTO MADRE DE DIOS","S/. 314,913.76","S/. 314,913.76",24/07/2019 09:42:34 a.m.
2454485,"MEJORAMIENTO DE LA TRANSITABILIDAD PEATONAL DE LOS JIRONES ISHIRIWE, SETAPO, PUERTO LUZ, SAN JOSE DE KARENE, PUQUIRI, COLONIAL, GUACAMAYO, CAIMITO, DOS , TRES , CUATRO , CINCO , SEIS ,SOL , ITALIA , INKAS , LUIS RIVEROS Y LAS AVENIDAS FITZCARRALD Y MANU DEL CENTRO POBLADO VILLA BOCA COLORADO DEL DISTRITO DE MADRE DE DIOS - PROVINCIA DE MANU - DEPARTAMENTO DE MADRE DE DIOS","S/. 1,143,998.56","S/. 1,180,998.69",16/02/2022 08:35:12 p.m.
2455532,CREACION DE DEFENSA RIBEREÑA EN LA QUEBRADA LORO AURORA DE LA LOCALIDAD DE MAZUKO DEL DISTRITO DE INAMBARI - PROVINCIA DE TAMBOPATA - DEPARTAMENTO DE MADRE DE DIOS,"S/. 1,127,474.54","S/. 1,249,540.48",01/10/2021 02:36:44 p.m.
2455656,"ADQUISICION DE ANALIZADOR DE GASES Y ELECTROLITOS Y ANALIZADOR HEMATOLOGICO; EN EL(LA) EESS NUEVO MILENIO - TAMBOPATA EN LA LOCALIDAD PUERTO MALDONADO, DISTRITO DE TAMBOPATA, PROVINCIA TAMBOPATA, DEPARTAMENTO MADRE DE DIOS","S/. 95,400.00","S/. 95,400.00",09/09/2019 12:31:31 p.m.
2455701,"CREACION DE ADECUADAS CONDICIONES PARA EL DESARROLLO DE ACTIVIDADES DE RECREACIÓN PASIVA,CÍVICA Y CULTURAL EN LA PLAZA PRINCIPAL DE LA LOCALIDAD DE MAZUKO DEL DISTRITO DE INAMBARI - PROVINCIA DE TAMBOPATA - DEPARTAMENTO DE MADRE DE DIOS","S/. 863,541.54","S/. 1,419,546.07",28/09/2021 07:45:30 a.m.
2455767,CREACION DE LA PLAZOLETA DE LA LOCALIDAD DE SANTA RITA BAJA DEL DISTRITO DE INAMBARI - PROVINCIA DE TAMBOPATA - DEPARTAMENTO DE MADRE DE DIOS,"S/. 1,048,069.37","S/. 1,243,742.13",28/09/2021 07:56:20 a.m.
2455801,MEJORAMIENTO DE LOS ESPACION PUBLICOS DE LA PLAZA PRINCIPAL  DE LA LOCALIDAD DE BOCA COLORADO DEL DISTRITO DE MADRE DE DIOS - PROVINCIA DE MANU - DEPARTAMENTO DE MADRE DE DIOS,"S/. 1,144,838.24","S/. 1,380,669.65",16/02/2022 08:44:19 p.m.
2455846,"MEJORAMIENTO DE LA ORNAMENTACION FORESTAL EN LOS ESPACIOS PUBLICOS VERDES DE LAS VIAS URBANAS EN LOS DISTRITOS DE IÑAPARI, IBERIA Y TAHUAMANU DE LA  PROVINCIA DE TAHUAMANU - DEPARTAMENTO DE MADRE DE DIOS","S/. 499,162.28","S/. 866,750.24",16/11/2020 09:14:40 p.m.
2455910,CREACION DE DEFENSA RIBEREÑA EN LA QUEBRADA PAUCAR DE LA LOCALIDAD DE MAZUKO DEL DISTRITO DE INAMBARI - PROVINCIA DE TAMBOPATA - DEPARTAMENTO DE MADRE DE DIOS,"S/. 1,130,951.79","S/. 1,202,686.54",27/09/2021 03:52:43 p.m.
2455961,CREACION DE LA DEFENSA RIBEREÑA EN LA QUEBRADA CHAUPIMAYO DE LA LOCALIDAD DE MAZUKO DEL DISTRITO DE INAMBARI - PROVINCIA DE TAMBOPATA - DEPARTAMENTO DE MADRE DE DIOS,"S/. 1,136,853.39","S/. 1,100,518.33",24/11/2021 10:40:39 a.m.
2456031,CREACION DE LA VEREDA DE ACCESO DE LA URBANIZACIÓN MUNICIPAL VILLA ALJEDANRO TOLEDO A LA LOCALIDAD DE PUERTO ROSARIO DE LABERINTO DEL DISTRITO DE LABERINTO - PROVINCIA DE TAMBOPATA - DEPARTAMENTO DE MADRE DE DIOS,"S/. 1,196,469.86","S/. 1,270,636.95",16/02/2022 02:06:49 p.m.
2456035,MEJORAMIENTO DE LA TRANSITABILIDAD VEHICULAR Y PEATONAL DE LA CALLE TRES PIRAMIDES DE LA URBANIZACION TRES PIRAMIDES DE LA CIUDAD DE PUERTO MALDONADO DEL DISTRITO DE TAMBOPATA - PROVINCIA DE TAMBOPATA - DEPARTAMENTO DE MADRE DE DIOS,"S/. 886,562.83","S/. 1,114,011.13",28/12/2021 03:56:02 p.m.
2456076,MEJORAMIENTO DEL SERVICIO DE TRANSITABILIDAD PEATONAL DEL ACCESO PEATONAL DEL PARQUE GRAU A PUERTO CAPITANIA DE LA CIUDAD DE PUERTO MALDONADO DEL DISTRITO DE TAMBOPATA - PROVINCIA DE TAMBOPATA - DEPARTAMENTO DE MADRE DE DIOS,"S/. 254,962.16","S/. 238,313.62",29/12/2021 12:04:08 p.m.
2456114,"CREACION DEL PARQUE TRES PIRÁMIDES, EN EL AAHH TRES PIRAMIDES PUERTO MALDONADO DEL DISTRITO DE TAMBOPATA - PROVINCIA DE TAMBOPATA - DEPARTAMENTO DE MADRE DE DIOS","S/. 304,576.00","S/. 318,718.25",29/12/2021 12:16:53 p.m.
2456144,MEJORAMIENTO DEL SERVICIO DE TRANSITABILIDAD VEHICULAR Y PEATONAL EN LA CALLE MERCURIO DE LA CIUDAD DE PUERTO MALDONADO DEL DISTRITO DE TAMBOPATA - PROVINCIA DE TAMBOPATA - DEPARTAMENTO DE MADRE DE DIOS,"S/. 732,429.64","S/. 1,215,292.53",30/12/2021 10:09:59 p.m.
2456211,MEJORAMIENTO DEL SERVICIO DE MOVILIDAD URBANA EN EL JIRON ABDULIO CORVERA DEL C.P. PLANCHON PIÑAL DEL DISTRITO DE LAS PIEDRAS - PROVINCIA DE TAMBOPATA - DEPARTAMENTO DE MADRE DE DIOS,"S/. 830,968.68","S/. 923,411.36",13/02/2021 02:45:19 p.m.
2456214,MEJORAMIENTO DEL SERVICIO DE DRENAJE PLUVIAL DEL SECTOR NOR-ESTE DEL C.P. MAVILA DEL DISTRITO DE LAS PIEDRAS - PROVINCIA DE TAMBOPATA - DEPARTAMENTO DE MADRE DE DIOS,"S/. 808,669.31","S/. 732,534.79",13/02/2021 02:22:01 p.m.
2456229,"REPARACION DE SUPERFICIE DE RODADURA Y SUPERFICIE DE RODADURA; EN EL(LA) CCVV EMP. PE-30 C (DV. SHIRINGAYOC) -SHIRINGAYOC - SANTA MARIA EN LA LOCALIDAD SHIRINGAYOC, DISTRITO DE TAHUAMANU, PROVINCIA TAHUAMANU, DEPARTAMENTO MADRE DE DIOS","S/. 399,898.79",S/. 0.00,
2456375,MEJORAMIENTO DEL SERVICIO DE TRANSITABILIDAD VEHICULAR Y PEATONAL EN LA CALLE JUPITER  DE LA CIUDAD DE PUERTO MALDONADO DEL DISTRITO DE TAMBOPATA - PROVINCIA DE TAMBOPATA - DEPARTAMENTO DE MADRE DE DIOS,"S/. 417,586.56","S/. 498,551.60",07/04/2021 06:42:50 p.m.
2456423,"MEJORAMIENTO DEL SERVICIO DE TRANSITABILIDAD VEHICULAR Y PEATONAL EN EL PJE. EDUARDO PAREDES JIPA DEL AA.HH. SAN ISIDRO, DE LA CIUDAD DE PUERTO MALDONADO DEL DISTRITO DE TAMBOPATA - PROVINCIA DE TAMBOPATA - DEPARTAMENTO DE MADRE DE DIOS","S/. 958,411.71","S/. 1,181,097.04",30/12/2021 09:27:33 p.m.
2456454,MEJORAMIENTO DEL SERVICIO DE TRANSITABILIDAD VEHICULAR Y PEATONAL EN EL JR. TOMAS BUENO DEL AA.HH. SAN ISIDRO DE LA CIUDAD DE PUERTO MALDONADO DEL DISTRITO DE TAMBOPATA - PROVINCIA DE TAMBOPATA - DEPARTAMENTO DE MADRE DE DIOS,"S/. 1,159,069.58","S/. 1,365,865.68",01/12/2021 07:52:35 p.m.
2456488,MEJORAMIENTO DEL SERVICIO DE TRANSITABILIDAD VEHICULAR Y PEATONAL EN EL JR. FAUSTINO MALDONADO DEL AA.HH. SAN ISIDRO DE LA CIUDAD DE PUERTO MALDONADO DEL DISTRITO DE TAMBOPATA - PROVINCIA DE TAMBOPATA - DEPARTAMENTO DE MADRE DE DIOS,"S/. 1,154,033.30","S/. 1,367,404.33",30/12/2021 09:33:58 p.m.
2456684,MEJORAMIENTO DEL SERVICIO DE TRANSITABILIDAD VEHICULAR Y PEATONAL EN LA CALLE CESAR CANEVARO DEL AA.HH. MIRAFLORES DE LA CIUDAD DE PUERTO MALDONADO DEL DISTRITO DE TAMBOPATA - PROVINCIA DE TAMBOPATA - DEPARTAMENTO DE MADRE DE DIOS,"S/. 657,220.63","S/. 1,072,678.74",30/12/2021 10:14:46 p.m.
2456692,MEJORAMIENTO DEL SERVICIO DE TRANSITABILIDAD VEHICULAR Y PEATONAL EN LA CALLE JOSE MARIA EGUREN DEL AA.HH. MIRAFLORES DE LA CIUDAD DE PUERTO MALDONADO DEL DISTRITO DE TAMBOPATA - PROVINCIA DE TAMBOPATA - DEPARTAMENTO DE MADRE DE DIOS,"S/. 672,573.09","S/. 950,364.20",30/12/2021 10:04:30 p.m.
2456694,MEJORAMIENTO DEL SERVICIO DE TRANSITABILIDAD VEHICULAR Y PEATONAL EN LA CALLE IGNACIO MERINO DEL AA.HH. MIRAFLORES DE LA CIUDAD DE PUERTO MALDONADO DEL DISTRITO DE TAMBOPATA - PROVINCIA DE TAMBOPATA - DEPARTAMENTO DE MADRE DE DIOS,"S/. 677,548.72","S/. 860,677.97",22/09/2021 06:25:42 p.m.
2456734,MEJORAMIENTO DEL SERVICIO DE TRANSITABILIDAD VEHICULAR Y PEATONAL DEL PJE. RAMON CASTILLA DEL AA.HH. MIRAFLORES DE LA CIUDAD DE PUERTO MALDONADO DEL DISTRITO DE TAMBOPATA - PROVINCIA DE TAMBOPATA - DEPARTAMENTO DE MADRE DE DIOS,"S/. 1,177,756.15","S/. 1,603,602.93",30/12/2021 08:48:57 p.m.
2456735,MEJORAMIENTO DEL SERVICIO DE TRANSITABILIDAD VEHICULAR Y PEATONAL DEL JR. JOSE MARIA ARGUEDAS DEL AA.HH. MIRAFLORES DE LA CIUDAD DE PUERTO MALDONADO DEL DISTRITO DE TAMBOPATA - PROVINCIA DE TAMBOPATA - DEPARTAMENTO DE MADRE DE DIOS,"S/. 1,200,000.00","S/. 1,562,725.73",30/12/2021 09:54:05 p.m.
2456739,MEJORAMIENTO DEL SERVICIO DE TRANSITABILIDAD VEHICULAR Y PEATONAL DEL PJE. NUEVE DEL AA.HH. ENACE DE LA CIUDAD DE PUERTO MALDONADO DEL DISTRITO DE TAMBOPATA - PROVINCIA DE TAMBOPATA - DEPARTAMENTO DE MADRE DE DIOS,"S/. 985,658.06","S/. 1,403,505.09",30/12/2021 09:58:50 p.m.
2456740,MEJORAMIENTO DEL SERVICIO DE TRANSITABILIDAD VEHICULAR Y PEATONAL DEL PJE. TRECE Y CALLE CUATRO DEL AA.HH. ENACE DE LA CIUDAD DE PUERTO MALDONADO DEL DISTRITO DE TAMBOPATA - PROVINCIA DE TAMBOPATA - DEPARTAMENTO DE MADRE DE DIOS,"S/. 963,001.36","S/. 1,085,865.31",30/12/2021 10:24:24 p.m.
2456741,"MEJORAMIENTO DEL SERVICIO DE TRANSITABILIDAD VEHICULAR Y PEATONAL DEL PJE. CINCO, PJE. OCHO Y CALLE TRES DEL AA.HH. ENACE DE LA CIUDAD DE PUERTO MALDONADO DEL DISTRITO DE TAMBOPATA - PROVINCIA DE TAMBOPATA - DEPARTAMENTO DE MADRE DE DIOS","S/. 991,211.94","S/. 1,116,732.98",23/11/2021 07:28:53 p.m.
2456759,MEJORAMIENTO DEL SERVICIO DE TRANSITABILIDAD VEHICULAR Y PEATONAL DEL PJE. LUNA PIZARRO Y PJE. JOSE CARLOS MARIATEGUI DEL AA.HH. SEÑOR DE LOS MILAGROS DE LA CIUDAD DE PUERTO MALDONADO DEL DISTRITO DE TAMBOPATA - PROVINCIA DE TAMBOPATA - DEPARTAMENTO DE MADRE DE DIOS,"S/. 1,099,156.21","S/. 1,390,978.66",30/12/2021 10:20:45 p.m.
2456762,MEJORAMIENTO DEL SERVICIO DE TRANSITABILIDAD VEHICULAR Y PEATONAL DEL PJE. FELIPE PINGLO Y PJE. TACNA DEL AA.HH. SEÑOR DE LOS MILAGROS DE LA CIUDAD DE PUERTO MALDONADO DEL DISTRITO DE TAMBOPATA - PROVINCIA DE TAMBOPATA - DEPARTAMENTO DE MADRE DE DIOS,"S/. 953,219.83","S/. 1,280,396.44",17/08/2021 08:09:21 p.m.
2456776,MEJORAMIENTO DEL SERVICIO DE TRANSITABILIDAD VEHICULAR Y PEATONAL DEL PJE. MARIANO MELGAR DEL AA.HH. SEÑOR DE LOS MILAGROS DE LA CIUDAD DE PUERTO MALDONADO DEL DISTRITO DE TAMBOPATA - PROVINCIA DE TAMBOPATA - DEPARTAMENTO DE MADRE DE DIOS,"S/. 1,200,000.00","S/. 1,531,377.76",30/12/2021 09:19:27 p.m.
2456800,CREACION DE LA PLAZA CENTRAL DEL CENTRO POBLADO LA JOYA DE LA CIUDAD DE PUERTO MALDONADO DEL DISTRITO DE TAMBOPATA - PROVINCIA DE TAMBOPATA - DEPARTAMENTO DE MADRE DE DIOS,"S/. 1,183,185.20","S/. 1,646,977.96",30/11/2021 06:46:00 p.m.
2456803,CREACION DEL PARQUE NUEVA ESPERANZA DE LA CIUDAD DE PUERTO MALDONADO DEL DISTRITO DE TAMBOPATA - PROVINCIA DE TAMBOPATA - DEPARTAMENTO DE MADRE DE DIOS,"S/. 1,024,014.04","S/. 1,339,075.89",30/12/2021 09:45:59 p.m.
2456804,CREACION DE LA PLAZA DE ARMAS DEL CENTRO POBLADO EL TRIUNFO DEL DISTRITO DE LAS PIEDRAS - PROVINCIA DE TAMBOPATA - DEPARTAMENTO DE MADRE DE DIOS,"S/. 1,128,743.20","S/. 1,423,942.93",30/12/2021 08:34:35 p.m.
2456838,MEJORAMIENTO DEL SERVICIO DE TRANSITABILIDAD VEHICULAR Y PEATONAL DEL JR. LOS MANGOS DE LA CIUDAD DE PUERTO MALDONADO DEL DISTRITO DE TAMBOPATA - PROVINCIA DE TAMBOPATA - DEPARTAMENTO DE MADRE DE DIOS,"S/. 1,044,040.54","S/. 1,483,462.53",30/12/2021 09:40:03 p.m.
2456929,CREACION DE LOSA DEPORTIVA MULTIUSOS DE LA COMUNIDAD NATIVA PUERTO ARTURO DEL DISTRITO DE LAS PIEDRAS - PROVINCIA DE TAMBOPATA - DEPARTAMENTO DE MADRE DE DIOS,"S/. 733,316.92","S/. 1,002,150.92",13/02/2021 02:49:36 p.m.
2456955,CREACION DE LOSA DEPORTIVA MULTIUSOS DEL CENTRO POBLADO PUERTO LUCERNA DEL DISTRITO DE LAS PIEDRAS - PROVINCIA DE TAMBOPATA - DEPARTAMENTO DE MADRE DE DIOS,"S/. 713,632.16","S/. 1,100,788.82",13/02/2021 02:38:13 p.m.
2457792,MEJORAMIENTO DEL CAMINO VECINAL EMP. PE-30C – SHIRINGAYOC - SANTA MARÍA - VALPARAISO -  DISTRITO DE TAHUAMANU - PROVINCIA DE TAHUAMANU - DEPARTAMENTO DE MADRE DE DIOS,"S/. 8,183,959.04",S/. 0.00,
2457842,CREACION DE LA INFRAESTRUCTURA PARQUE MIRADOR DE LA LOCALIDAD DE PUERTO ROSARIO DE LABERINTO DEL DISTRITO DE LABERINTO - PROVINCIA DE TAMBOPATA - DEPARTAMENTO DE MADRE DE DIOS,"S/. 584,536.18","S/. 753,479.02",16/02/2022 11:35:53 a.m.
2458178,CREACION DE ESCALINATAS DE LA AV. LOS PASHACOS Y CALLE LAS GARZAS DEL CENTRO POBLADO DE PUERTO ROSARIO DE LABERINTO DEL DISTRITO DE LABERINTO - PROVINCIA DE TAMBOPATA - DEPARTAMENTO DE MADRE DE DIOS,"S/. 538,540.10","S/. 557,326.33",16/02/2022 02:14:48 p.m.
2459605,"RENOVACION DE BLOQUE DE INFRAESTRUCTURA; EN EL(LA) MERCADO DE ABASTOS MINORISTAS EN LA LOCALIDAD SUDADERO, DISTRITO DE LAS PIEDRAS, PROVINCIA TAMBOPATA, DEPARTAMENTO MADRE DE DIOS","S/. 112,717.56",S/. 0.00,
2460034,"ADQUISICION DE LECTOR PARA PRUEBA DE ELISA Y LAVADORA DE MICROPLACAS PARA ELISA; EN EL(LA) LABORATORIO REFERENCIAL EN LA LOCALIDAD PUERTO MALDONADO, DISTRITO DE TAMBOPATA, PROVINCIA TAMBOPATA, DEPARTAMENTO MADRE DE DIOS","S/. 67,000.00","S/. 67,000.00",02/10/2019 03:19:53 p.m.
2466617,"REPARACION DE VIAS VECINALES; EN EL(LA) AV. MADRE DE DIOS, CALLES 02, 06 Y 07  DISTRITO DE HUEPETUHE, PROVINCIA MANU, DEPARTAMENTO MADRE DE DIOS","S/. 526,393.36","S/. 228,646.52",26/11/2020 10:11:43 a.m.
2467538,"REPARACION DE ; EN EL(LA) REHABILITACION DE CALLES URBANAS EN LA LOCALIDAD SAN LORENZO, DISTRITO DE TAHUAMANU, PROVINCIA TAHUAMANU, DEPARTAMENTO MADRE DE DIOS","S/. 133,092.07","S/. 172,892.54",05/03/2020 12:01:51 p.m.
2467542,"REPARACION DE ; EN EL(LA) REHABILITACION DE LA AV. 18 DE OCTUBRE, JR. ALFONSO UGARTE, JR. MARIO VALDEZ, JR. SARITA COLONIA, JR. 6 Y JR. 30 DE AGOSTO EN LA LOCALIDAD ALERTA, DISTRITO DE TAHUAMANU, PROVINCIA TAHUAMANU, DEPARTAMENTO MADRE DE DIOS","S/. 89,835.46","S/. 186,912.33",01/07/2021 05:32:45 p.m.
2468580,"CONSTRUCCION DE ; EN EL(LA) CENTRO INFANTIL DE ATENCIÓN  INTEGRAL DIURNA (CUNA MAS) PARA NIÑOS Y NIÑAS MENORES DE 36 MESES  DE EDAD EN LA LOCALIDAD MAZUKO, DISTRITO DE INAMBARI, PROVINCIA TAMBOPATA, DEPARTAMENTO MADRE DE DIOS","S/. 269,803.56","S/. 298,370.49",30/12/2021 08:37:59 p.m.
